"","LOCATION","SEX","AGE","TIME_FORMAT","obsTime","obsValue"
"1","AUS","T","TOTAL","P1Y","2018",24992860
"2","AUT","T","TOTAL","P1Y","2018",8837707
"3","BEL","T","TOTAL","P1Y","2018",11403740
"4","CAN","T","TOTAL","P1Y","2018",37058856
"5","CZE","T","TOTAL","P1Y","2018",10626430
"6","DNK","T","TOTAL","P1Y","2018",5789957
"7","FIN","T","TOTAL","P1Y","2018",5515525
"8","FRA","T","TOTAL","P1Y","2018",66941698
"9","DEU","T","TOTAL","P1Y","2018",82914191
"10","GRC","T","TOTAL","P1Y","2018",10725886
"11","HUN","T","TOTAL","P1Y","2018",9767600
"12","ISL","T","TOTAL","P1Y","2018",352722
"13","IRL","T","TOTAL","P1Y","2018",4857015
"14","ITA","T","TOTAL","P1Y","2018",60421797
"15","JPN","T","TOTAL","P1Y","2018",126443180
"16","KOR","T","TOTAL","P1Y","2018",51635256
"17","LUX","T","TOTAL","P1Y","2018",607950
"18","MEX","T","TOTAL","P1Y","2018",125327797
"19","NLD","T","TOTAL","P1Y","2018",17231622
"20","NZL","T","TOTAL","P1Y","2018",4885500
"21","NOR","T","TOTAL","P1Y","2018",5311916
"22","POL","T","TOTAL","P1Y","2018",38413139
"23","PRT","T","TOTAL","P1Y","2018",10283822
"24","SVK","T","TOTAL","P1Y","2018",5446771
"25","ESP","T","TOTAL","P1Y","2018",46733038
"26","SWE","T","TOTAL","P1Y","2018",10175214
"27","CHE","T","TOTAL","P1Y","2018",8513227
"28","TUR","T","TOTAL","P1Y","2018",81407211
"29","GBR","T","TOTAL","P1Y","2018",66435550
"30","USA","T","TOTAL","P1Y","2018",327167434
"31","ARG","T","TOTAL","P1Y","2018",44494502
"32","BRA","T","TOTAL","P1Y","2018",208494900
"33","BGR","T","TOTAL","P1Y","2018",7025037
"34","CHL","T","TOTAL","P1Y","2018",18751405
"35","CHN","T","TOTAL","P1Y","2018",1415045928
"36","COL","T","TOTAL","P1Y","2018",49834240
"37","CRI","T","TOTAL","P1Y","2018",5003402
"38","HRV","T","TOTAL","P1Y","2018",4080666
"39","CYP","T","TOTAL","P1Y","2018",869006
"40","EST","T","TOTAL","P1Y","2018",1321977
"41","IND","T","TOTAL","P1Y","2018",1354051854
"42","IDN","T","TOTAL","P1Y","2018",265015300
"43","ISR","T","TOTAL","P1Y","2018",8872943
"44","LVA","T","TOTAL","P1Y","2018",1927170
"45","LTU","T","TOTAL","P1Y","2018",2801541
"46","MLT","T","TOTAL","P1Y","2018",483793
"47","ROU","T","TOTAL","P1Y","2018",19471332
"48","RUS","T","TOTAL","P1Y","2018",144491104
"49","SAU","T","TOTAL","P1Y","2018",33413660
"50","SGP","T","TOTAL","P1Y","2018",3994283
"51","SVN","T","TOTAL","P1Y","2018",2070050
"52","ZAF","T","TOTAL","P1Y","2018",57725606
"53","WLD","T","TOTAL","P1Y","2018",7632819325
"54","G20","T","TOTAL","P1Y","2018",4809944671
"55","EU28","T","TOTAL","P1Y","2018",513179223
"56","OECD","T","TOTAL","P1Y","2018",1301969697
"57","AUS","T","0_4","P1Y","2018",1582231
"58","AUT","T","0_4","P1Y","2018",434029
"59","BEL","T","0_4","P1Y","2018",617494
"60","CAN","T","0_4","P1Y","2018",1951024
"61","CZE","T","0_4","P1Y","2018",563961
"62","DNK","T","0_4","P1Y","2018",302663
"63","FIN","T","0_4","P1Y","2018",273100
"64","FRA","T","0_4","P1Y","2018",3760604
"65","DEU","T","0_4","P1Y","2018",3884584
"66","GRC","T","0_4","P1Y","2018",469014
"67","HUN","T","0_4","P1Y","2018",467335
"68","ISL","T","0_4","P1Y","2018",21251
"69","IRL","T","0_4","P1Y","2018",319296
"70","ITA","T","0_4","P1Y","2018",2404384
"71","JPN","T","0_4","P1Y","2018",4838489
"72","KOR","T","0_4","P1Y","2018",2114631
"73","LUX","T","0_4","P1Y","2018",32426
"74","MEX","T","0_4","P1Y","2018",10962285
"75","NLD","T","0_4","P1Y","2018",867081
"76","NZL","T","0_4","P1Y","2018",306510
"77","NOR","T","0_4","P1Y","2018",297222
"78","POL","T","0_4","P1Y","2018",1907103
"79","PRT","T","0_4","P1Y","2018",428012
"80","SVK","T","0_4","P1Y","2018",289739
"81","ESP","T","0_4","P1Y","2018",2080034
"82","SWE","T","0_4","P1Y","2018",603271
"83","CHE","T","0_4","P1Y","2018",434900
"84","TUR","T","0_4","P1Y","2018",6483418
"85","GBR","T","0_4","P1Y","2018",3914028
"86","USA","T","0_4","P1Y","2018",19810275
"87","ARG","T","0_4","P1Y","2018",3738229
"88","BRA","T","0_4","P1Y","2018",14787557
"89","BGR","T","0_4","P1Y","2018",326738
"90","CHL","T","0_4","P1Y","2018",1211895
"91","CHN","T","0_4","P1Y","2018",83843773
"92","COL","T","0_4","P1Y","2018",4359358
"93","CRI","T","0_4","P1Y","2018",369764
"94","HRV","T","0_4","P1Y","2018",185694
"95","CYP","T","0_4","P1Y","2018",46549
"96","EST","T","0_4","P1Y","2018",70385
"97","IND","T","0_4","P1Y","2018",120292932
"98","IDN","T","0_4","P1Y","2018",23729600
"99","ISR","T","0_4","P1Y","2018",915581
"100","LVA","T","0_4","P1Y","2018",106947
"101","LTU","T","0_4","P1Y","2018",148250
"102","MLT","T","0_4","P1Y","2018",23247
"103","ROU","T","0_4","P1Y","2018",991982
"104","RUS","T","0_4","P1Y","2018",9058213
"105","SAU","T","0_4","P1Y","2018",2788931
"106","SGP","T","0_4","P1Y","2018",185528
"107","SVN","T","0_4","P1Y","2018",103023
"108","ZAF","T","0_4","P1Y","2018",5928951
"109","WLD","T","0_4","P1Y","2018",678869033
"110","G20","T","0_4","P1Y","2018",337531512
"111","EU28","T","0_4","P1Y","2018",25620973
"112","OECD","T","0_4","P1Y","2018",74976475
"113","AUS","T","05_9","P1Y","2018",1604449
"114","AUT","T","05_9","P1Y","2018",418859
"115","BEL","T","05_9","P1Y","2018",665567
"116","CAN","T","05_9","P1Y","2018",2030883
"117","CZE","T","05_9","P1Y","2018",578482
"118","DNK","T","05_9","P1Y","2018",318609
"119","FIN","T","05_9","P1Y","2018",309537
"120","FRA","T","05_9","P1Y","2018",4132226
"121","DEU","T","05_9","P1Y","2018",3655358
"122","GRC","T","05_9","P1Y","2018",534843
"123","HUN","T","05_9","P1Y","2018",463777
"124","ISL","T","05_9","P1Y","2018",23725
"125","IRL","T","05_9","P1Y","2018",356851
"126","ITA","T","05_9","P1Y","2018",2751022
"127","JPN","T","05_9","P1Y","2018",5184375
"128","KOR","T","05_9","P1Y","2018",2296197
"129","LUX","T","05_9","P1Y","2018",33069
"130","MEX","T","05_9","P1Y","2018",11088816
"131","NLD","T","05_9","P1Y","2018",922752
"132","NZL","T","05_9","P1Y","2018",327240
"133","NOR","T","05_9","P1Y","2018",321862
"134","POL","T","05_9","P1Y","2018",2035423
"135","PRT","T","05_9","P1Y","2018",474683
"136","SVK","T","05_9","P1Y","2018",293110
"137","ESP","T","05_9","P1Y","2018",2387850
"138","SWE","T","05_9","P1Y","2018",615825
"139","CHE","T","05_9","P1Y","2018",428378
"140","TUR","T","05_9","P1Y","2018",6349845
"141","GBR","T","05_9","P1Y","2018",4138524
"142","USA","T","05_9","P1Y","2018",20195642
"143","ARG","T","05_9","P1Y","2018",3711205
"144","BRA","T","05_9","P1Y","2018",14537829
"145","BGR","T","05_9","P1Y","2018",347045
"146","CHL","T","05_9","P1Y","2018",1271371
"147","CHN","T","05_9","P1Y","2018",84871246
"148","COL","T","05_9","P1Y","2018",4280527
"149","CRI","T","05_9","P1Y","2018",371857
"150","HRV","T","05_9","P1Y","2018",204406
"151","CYP","T","05_9","P1Y","2018",49078
"152","EST","T","05_9","P1Y","2018",75008
"153","IND","T","05_9","P1Y","2018",123449998
"154","IDN","T","05_9","P1Y","2018",23878500
"155","ISR","T","05_9","P1Y","2018",845775
"156","LVA","T","05_9","P1Y","2018",99009
"157","LTU","T","05_9","P1Y","2018",144466
"158","MLT","T","05_9","P1Y","2018",22612
"159","ROU","T","05_9","P1Y","2018",998394
"160","RUS","T","05_9","P1Y","2018",8832905
"161","SAU","T","05_9","P1Y","2018",2895637
"162","SGP","T","05_9","P1Y","2018",199066
"163","SVN","T","05_9","P1Y","2018",111021
"164","ZAF","T","05_9","P1Y","2018",5862081
"165","WLD","T","05_9","P1Y","2018",660142939
"166","G20","T","05_9","P1Y","2018",343927014
"167","EU28","T","05_9","P1Y","2018",27137406
"168","OECD","T","05_9","P1Y","2018",77484429
"169","AUS","T","10_14","P1Y","2018",1515720
"170","AUT","T","10_14","P1Y","2018",422501
"171","BEL","T","10_14","P1Y","2018",647358
"172","CAN","T","10_14","P1Y","2018",1990826
"173","CZE","T","10_14","P1Y","2018",539205
"174","DNK","T","10_14","P1Y","2018",338216
"175","FIN","T","10_14","P1Y","2018",303694
"176","FRA","T","10_14","P1Y","2018",4173569
"177","DEU","T","10_14","P1Y","2018",3694255
"178","GRC","T","10_14","P1Y","2018",538305
"179","HUN","T","10_14","P1Y","2018",491092
"180","ISL","T","10_14","P1Y","2018",22634
"181","IRL","T","10_14","P1Y","2018",332585
"182","ITA","T","10_14","P1Y","2018",2867612
"183","JPN","T","10_14","P1Y","2018",5391698
"184","KOR","T","10_14","P1Y","2018",2270015
"185","LUX","T","10_14","P1Y","2018",32372
"186","MEX","T","10_14","P1Y","2018",11169666
"187","NLD","T","10_14","P1Y","2018",961387
"188","NZL","T","10_14","P1Y","2018",310950
"189","NOR","T","10_14","P1Y","2018",317862
"190","POL","T","10_14","P1Y","2018",1902619
"191","PRT","T","10_14","P1Y","2018",513037
"192","SVK","T","10_14","P1Y","2018",271023
"193","ESP","T","10_14","P1Y","2018",2474510
"194","SWE","T","10_14","P1Y","2018",588106
"195","CHE","T","10_14","P1Y","2018",412185
"196","TUR","T","10_14","P1Y","2018",6275647
"197","GBR","T","10_14","P1Y","2018",3858894
"198","USA","T","10_14","P1Y","2018",20879527
"199","ARG","T","10_14","P1Y","2018",3524036
"200","BRA","T","10_14","P1Y","2018",15182024
"201","BGR","T","10_14","P1Y","2018",330828
"202","CHL","T","10_14","P1Y","2018",1212874
"203","CHN","T","10_14","P1Y","2018",80607301
"204","COL","T","10_14","P1Y","2018",4252711
"205","CRI","T","10_14","P1Y","2018",370067
"206","HRV","T","10_14","P1Y","2018",199809
"207","CYP","T","10_14","P1Y","2018",45100
"208","EST","T","10_14","P1Y","2018",70932
"209","IND","T","10_14","P1Y","2018",127205511
"210","IDN","T","10_14","P1Y","2018",22878700
"211","ISR","T","10_14","P1Y","2018",756756
"212","LVA","T","10_14","P1Y","2018",99229
"213","LTU","T","10_14","P1Y","2018",128931
"214","MLT","T","10_14","P1Y","2018",20962
"215","ROU","T","10_14","P1Y","2018",1055904
"216","RUS","T","10_14","P1Y","2018",7594254
"217","SAU","T","10_14","P1Y","2018",2536312
"218","SGP","T","10_14","P1Y","2018",206530
"219","SVN","T","10_14","P1Y","2018",97787
"220","ZAF","T","10_14","P1Y","2018",5252485
"221","WLD","T","10_14","P1Y","2018",629423574
"222","G20","T","10_14","P1Y","2018",341273542
"223","EU28","T","10_14","P1Y","2018",26999821
"224","OECD","T","10_14","P1Y","2018",77873578
"225","AUS","T","15_19","P1Y","2018",1491008
"226","AUT","T","15_19","P1Y","2018",441996
"227","BEL","T","15_19","P1Y","2018",628207
"228","CAN","T","15_19","P1Y","2018",2106893
"229","CZE","T","15_19","P1Y","2018",464642
"230","DNK","T","15_19","P1Y","2018",344054
"231","FIN","T","15_19","P1Y","2018",296110
"232","FRA","T","15_19","P1Y","2018",4136602
"233","DEU","T","15_19","P1Y","2018",4043576
"234","GRC","T","15_19","P1Y","2018",543130
"235","HUN","T","15_19","P1Y","2018",488000
"236","ISL","T","15_19","P1Y","2018",21935
"237","IRL","T","15_19","P1Y","2018",316192
"238","ITA","T","15_19","P1Y","2018",2900758
"239","JPN","T","15_19","P1Y","2018",5906609
"240","KOR","T","15_19","P1Y","2018",2808144
"241","LUX","T","15_19","P1Y","2018",33159
"242","MEX","T","15_19","P1Y","2018",11046851
"243","NLD","T","15_19","P1Y","2018",1050024
"244","NZL","T","15_19","P1Y","2018",314160
"245","NOR","T","15_19","P1Y","2018",321229
"246","POL","T","15_19","P1Y","2018",1845167
"247","PRT","T","15_19","P1Y","2018",554328
"248","SVK","T","15_19","P1Y","2018",267380
"249","ESP","T","15_19","P1Y","2018",2294765
"250","SWE","T","15_19","P1Y","2018",552175
"251","CHE","T","15_19","P1Y","2018",428562
"252","TUR","T","15_19","P1Y","2018",6475427
"253","GBR","T","15_19","P1Y","2018",3669250
"254","USA","T","15_19","P1Y","2018",21097221
"255","ARG","T","15_19","P1Y","2018",3513239
"256","BRA","T","15_19","P1Y","2018",16439846
"257","BGR","T","15_19","P1Y","2018",314290
"258","CHL","T","15_19","P1Y","2018",1286412
"259","CHN","T","15_19","P1Y","2018",77968503
"260","COL","T","15_19","P1Y","2018",4279637
"261","CRI","T","15_19","P1Y","2018",394328
"262","HRV","T","15_19","P1Y","2018",208949
"263","CYP","T","15_19","P1Y","2018",48827
"264","EST","T","15_19","P1Y","2018",60700
"265","IND","T","15_19","P1Y","2018",125146391
"266","IDN","T","15_19","P1Y","2018",22242900
"267","ISR","T","15_19","P1Y","2018",698257
"268","LVA","T","15_19","P1Y","2018",87879
"269","LTU","T","15_19","P1Y","2018",140259
"270","MLT","T","15_19","P1Y","2018",22454
"271","ROU","T","15_19","P1Y","2018",1044333
"272","RUS","T","15_19","P1Y","2018",6787890
"273","SAU","T","15_19","P1Y","2018",2312755
"274","SGP","T","15_19","P1Y","2018",226520
"275","SVN","T","15_19","P1Y","2018",92599
"276","ZAF","T","15_19","P1Y","2018",4733790
"277","WLD","T","15_19","P1Y","2018",600212420
"278","G20","T","15_19","P1Y","2018",336967271
"279","EU28","T","15_19","P1Y","2018",26889804
"280","OECD","T","15_19","P1Y","2018",79253660
"281","AUS","T","20_24","P1Y","2018",1739976
"282","AUT","T","20_24","P1Y","2018",536033
"283","BEL","T","20_24","P1Y","2018",668913
"284","CAN","T","20_24","P1Y","2018",2437542
"285","CZE","T","20_24","P1Y","2018",511398
"286","DNK","T","20_24","P1Y","2018",387147
"287","FIN","T","20_24","P1Y","2018",324065
"288","FRA","T","20_24","P1Y","2018",3737611
"289","DEU","T","20_24","P1Y","2018",4606079
"290","GRC","T","20_24","P1Y","2018",548882
"291","HUN","T","20_24","P1Y","2018",569423
"292","ISL","T","20_24","P1Y","2018",25818
"293","IRL","T","20_24","P1Y","2018",289260
"294","ITA","T","20_24","P1Y","2018",2991820
"295","JPN","T","20_24","P1Y","2018",6329748
"296","KOR","T","20_24","P1Y","2018",3464886
"297","LUX","T","20_24","P1Y","2018",37937
"298","MEX","T","20_24","P1Y","2018",10886913
"299","NLD","T","20_24","P1Y","2018",1074354
"300","NZL","T","20_24","P1Y","2018",358260
"301","NOR","T","20_24","P1Y","2018",341800
"302","POL","T","20_24","P1Y","2018",2160267
"303","PRT","T","20_24","P1Y","2018",537998
"304","SVK","T","20_24","P1Y","2018",310010
"305","ESP","T","20_24","P1Y","2018",2269064
"306","SWE","T","20_24","P1Y","2018",607257
"307","CHE","T","20_24","P1Y","2018",486028
"308","TUR","T","20_24","P1Y","2018",6501820
"309","GBR","T","20_24","P1Y","2018",4184575
"310","USA","T","20_24","P1Y","2018",21873579
"311","ARG","T","20_24","P1Y","2018",3561187
"312","BRA","T","20_24","P1Y","2018",17294780
"313","BGR","T","20_24","P1Y","2018",316471
"314","CHL","T","20_24","P1Y","2018",1444226
"315","CHN","T","20_24","P1Y","2018",86326728
"316","COL","T","20_24","P1Y","2018",4299104
"317","CRI","T","20_24","P1Y","2018",427190
"318","HRV","T","20_24","P1Y","2018",240378
"319","CYP","T","20_24","P1Y","2018",64518
"320","EST","T","20_24","P1Y","2018",65643
"321","IND","T","20_24","P1Y","2018",120614102
"322","IDN","T","20_24","P1Y","2018",21823300
"323","ISR","T","20_24","P1Y","2018",635338
"324","LVA","T","20_24","P1Y","2018",90033
"325","LTU","T","20_24","P1Y","2018",161705
"326","MLT","T","20_24","P1Y","2018",31245
"327","ROU","T","20_24","P1Y","2018",1018941
"328","RUS","T","20_24","P1Y","2018",7119302
"329","SAU","T","20_24","P1Y","2018",2576498
"330","SGP","T","20_24","P1Y","2018",255516
"331","SVN","T","20_24","P1Y","2018",100852
"332","ZAF","T","20_24","P1Y","2018",5019161
"333","WLD","T","20_24","P1Y","2018",591630845
"334","G20","T","20_24","P1Y","2018",346011400
"335","EU28","T","20_24","P1Y","2018",28441878
"336","OECD","T","20_24","P1Y","2018",83296259
"337","AUS","T","25_29","P1Y","2018",1877334
"338","AUT","T","25_29","P1Y","2018",603552
"339","BEL","T","25_29","P1Y","2018",742565
"340","CAN","T","25_29","P1Y","2018",2573476
"341","CZE","T","25_29","P1Y","2018",673022
"342","DNK","T","25_29","P1Y","2018",391149
"343","FIN","T","25_29","P1Y","2018",354599
"344","FRA","T","25_29","P1Y","2018",3836985
"345","DEU","T","25_29","P1Y","2018",5244522
"346","GRC","T","25_29","P1Y","2018",575708
"347","HUN","T","25_29","P1Y","2018",626188
"348","ISL","T","25_29","P1Y","2018",28751
"349","IRL","T","25_29","P1Y","2018",291102
"350","ITA","T","25_29","P1Y","2018",3230156
"351","JPN","T","25_29","P1Y","2018",6223060
"352","KOR","T","25_29","P1Y","2018",3486667
"353","LUX","T","25_29","P1Y","2018",45423
"354","MEX","T","25_29","P1Y","2018",10485837
"355","NLD","T","25_29","P1Y","2018",1114010
"356","NZL","T","25_29","P1Y","2018",380050
"357","NOR","T","25_29","P1Y","2018",371380
"358","POL","T","25_29","P1Y","2018",2641158
"359","PRT","T","25_29","P1Y","2018",548399
"360","SVK","T","25_29","P1Y","2018",384630
"361","ESP","T","25_29","P1Y","2018",2511977
"362","SWE","T","25_29","P1Y","2018",737663
"363","CHE","T","25_29","P1Y","2018",570969
"364","TUR","T","25_29","P1Y","2018",6254006
"365","GBR","T","25_29","P1Y","2018",4527175
"366","USA","T","25_29","P1Y","2018",23561756
"367","ARG","T","25_29","P1Y","2018",3484671
"368","BRA","T","25_29","P1Y","2018",17068593
"369","BGR","T","25_29","P1Y","2018",432431
"370","CHL","T","25_29","P1Y","2018",1594135
"371","CHN","T","25_29","P1Y","2018",115316888
"372","COL","T","25_29","P1Y","2018",4138652
"373","CRI","T","25_29","P1Y","2018",448201
"374","HRV","T","25_29","P1Y","2018",240303
"375","CYP","T","25_29","P1Y","2018",74488
"376","EST","T","25_29","P1Y","2018",90758
"377","IND","T","25_29","P1Y","2018",115386943
"378","IDN","T","25_29","P1Y","2018",21125300
"379","ISR","T","25_29","P1Y","2018",608109
"380","LVA","T","25_29","P1Y","2018",127752
"381","LTU","T","25_29","P1Y","2018",188227
"382","MLT","T","25_29","P1Y","2018",41472
"383","ROU","T","25_29","P1Y","2018",1165196
"384","RUS","T","25_29","P1Y","2018",10511713
"385","SAU","T","25_29","P1Y","2018",3189330
"386","SGP","T","25_29","P1Y","2018",291631
"387","SVN","T","25_29","P1Y","2018",115511
"388","ZAF","T","25_29","P1Y","2018",5486952
"389","WLD","T","25_29","P1Y","2018",607592137
"390","G20","T","25_29","P1Y","2018",377588646
"391","EU28","T","25_29","P1Y","2018",31556120
"392","OECD","T","25_29","P1Y","2018",87617761
"393","AUS","T","30_34","P1Y","2018",1862558
"394","AUT","T","30_34","P1Y","2018",601182
"395","BEL","T","30_34","P1Y","2018",729818
"396","CAN","T","30_34","P1Y","2018",2550512
"397","CZE","T","30_34","P1Y","2018",724491
"398","DNK","T","30_34","P1Y","2018",342891
"399","FIN","T","30_34","P1Y","2018",351332
"400","FRA","T","30_34","P1Y","2018",4053528
"401","DEU","T","30_34","P1Y","2018",5349075
"402","GRC","T","30_34","P1Y","2018",620983
"403","HUN","T","30_34","P1Y","2018",608472
"404","ISL","T","30_34","P1Y","2018",25275
"405","IRL","T","30_34","P1Y","2018",335838
"406","ITA","T","30_34","P1Y","2018",3379630
"407","JPN","T","30_34","P1Y","2018",6936349
"408","KOR","T","30_34","P1Y","2018",3352747
"409","LUX","T","30_34","P1Y","2018",47067
"410","MEX","T","30_34","P1Y","2018",9603156
"411","NLD","T","30_34","P1Y","2018",1064849
"412","NZL","T","30_34","P1Y","2018",330720
"413","NOR","T","30_34","P1Y","2018",361683
"414","POL","T","30_34","P1Y","2018",3080143
"415","PRT","T","30_34","P1Y","2018",583958
"416","SVK","T","30_34","P1Y","2018",423264
"417","ESP","T","30_34","P1Y","2018",2822073
"418","SWE","T","30_34","P1Y","2018",676317
"419","CHE","T","30_34","P1Y","2018",602626
"420","TUR","T","30_34","P1Y","2018",6315039
"421","GBR","T","30_34","P1Y","2018",4463357
"422","USA","T","30_34","P1Y","2018",22136018
"423","ARG","T","30_34","P1Y","2018",3243841
"424","BRA","T","30_34","P1Y","2018",17296659
"425","BGR","T","30_34","P1Y","2018",479637
"426","CHL","T","30_34","P1Y","2018",1439887
"427","CHN","T","30_34","P1Y","2018",122191932
"428","COL","T","30_34","P1Y","2018",3750017
"429","CRI","T","30_34","P1Y","2018",445139
"430","HRV","T","30_34","P1Y","2018",263750
"431","CYP","T","30_34","P1Y","2018",71311
"432","EST","T","30_34","P1Y","2018",98550
"433","IND","T","30_34","P1Y","2018",109112361
"434","IDN","T","30_34","P1Y","2018",20528200
"435","ISR","T","30_34","P1Y","2018",591707
"436","LVA","T","30_34","P1Y","2018",139412
"437","LTU","T","30_34","P1Y","2018",183117
"438","MLT","T","30_34","P1Y","2018",40185
"439","ROU","T","30_34","P1Y","2018",1333351
"440","RUS","T","30_34","P1Y","2018",12537390
"441","SAU","T","30_34","P1Y","2018",3230441
"442","SGP","T","30_34","P1Y","2018",281397
"443","SVN","T","30_34","P1Y","2018",137408
"444","ZAF","T","30_34","P1Y","2018",5345242
"445","WLD","T","30_34","P1Y","2018",591794256
"446","G20","T","30_34","P1Y","2018",379247432
"447","EU28","T","30_34","P1Y","2018",33004988
"448","OECD","T","30_34","P1Y","2018",86925031
"449","AUS","T","35_39","P1Y","2018",1722345
"450","AUT","T","35_39","P1Y","2018",594073
"451","BEL","T","35_39","P1Y","2018",749481
"452","CAN","T","35_39","P1Y","2018",2514450
"453","CZE","T","35_39","P1Y","2018",801784
"454","DNK","T","35_39","P1Y","2018",335028
"455","FIN","T","35_39","P1Y","2018",353125
"456","FRA","T","35_39","P1Y","2018",4228478
"457","DEU","T","35_39","P1Y","2018",5201508
"458","GRC","T","35_39","P1Y","2018",775780
"459","HUN","T","35_39","P1Y","2018",698258
"460","ISL","T","35_39","P1Y","2018",25127
"461","IRL","T","35_39","P1Y","2018",398322
"462","ITA","T","35_39","P1Y","2018",3756707
"463","JPN","T","35_39","P1Y","2018",7693660
"464","KOR","T","35_39","P1Y","2018",4091544
"465","LUX","T","35_39","P1Y","2018",47615
"466","MEX","T","35_39","P1Y","2018",8740590
"467","NLD","T","35_39","P1Y","2018",1028325
"468","NZL","T","35_39","P1Y","2018",297660
"469","NOR","T","35_39","P1Y","2018",351194
"470","POL","T","35_39","P1Y","2018",3182283
"471","PRT","T","35_39","P1Y","2018",695341
"472","SVK","T","35_39","P1Y","2018",445527
"473","ESP","T","35_39","P1Y","2018",3502739
"474","SWE","T","35_39","P1Y","2018",634154
"475","CHE","T","35_39","P1Y","2018",604666
"476","TUR","T","35_39","P1Y","2018",6568384
"477","GBR","T","35_39","P1Y","2018",4372234
"478","USA","T","35_39","P1Y","2018",21563587
"479","ARG","T","35_39","P1Y","2018",3142485
"480","BRA","T","35_39","P1Y","2018",16661965
"481","BGR","T","35_39","P1Y","2018",494781
"482","CHL","T","35_39","P1Y","2018",1357784
"483","CHN","T","35_39","P1Y","2018",94957423
"484","COL","T","35_39","P1Y","2018",3369633
"485","CRI","T","35_39","P1Y","2018",388110
"486","HRV","T","35_39","P1Y","2018",282005
"487","CYP","T","35_39","P1Y","2018",64914
"488","EST","T","35_39","P1Y","2018",91867
"489","IND","T","35_39","P1Y","2018",98343420
"490","IDN","T","35_39","P1Y","2018",20181500
"491","ISR","T","35_39","P1Y","2018",569068
"492","LVA","T","35_39","P1Y","2018",126471
"493","LTU","T","35_39","P1Y","2018",165422
"494","MLT","T","35_39","P1Y","2018",37825
"495","ROU","T","35_39","P1Y","2018",1407352
"496","RUS","T","35_39","P1Y","2018",11399676
"497","SAU","T","35_39","P1Y","2018",3605004
"498","SGP","T","35_39","P1Y","2018",303720
"499","SVN","T","35_39","P1Y","2018",154470
"500","ZAF","T","35_39","P1Y","2018",4381136
"501","WLD","T","35_39","P1Y","2018",524652473
"502","G20","T","35_39","P1Y","2018",340193037
"503","EU28","T","35_39","P1Y","2018",34625869
"504","OECD","T","35_39","P1Y","2018",88439051
"505","AUS","T","40_44","P1Y","2018",1593899
"506","AUT","T","40_44","P1Y","2018",568228
"507","BEL","T","40_44","P1Y","2018",729477
"508","CAN","T","40_44","P1Y","2018",2378927
"509","CZE","T","40_44","P1Y","2018",935728
"510","DNK","T","40_44","P1Y","2018",375371
"511","FIN","T","40_44","P1Y","2018",337590
"512","FRA","T","40_44","P1Y","2018",4156099
"513","DEU","T","40_44","P1Y","2018",4816485
"514","GRC","T","40_44","P1Y","2018",802084
"515","HUN","T","40_44","P1Y","2018",848152
"516","ISL","T","40_44","P1Y","2018",22834
"517","IRL","T","40_44","P1Y","2018",369929
"518","ITA","T","40_44","P1Y","2018",4489129
"519","JPN","T","40_44","P1Y","2018",9093042
"520","KOR","T","40_44","P1Y","2018",3949973
"521","LUX","T","40_44","P1Y","2018",45716
"522","MEX","T","40_44","P1Y","2018",8249368
"523","NLD","T","40_44","P1Y","2018",1031851
"524","NZL","T","40_44","P1Y","2018",291120
"525","NOR","T","40_44","P1Y","2018",352302
"526","POL","T","40_44","P1Y","2018",2941848
"527","PRT","T","40_44","P1Y","2018",806585
"528","SVK","T","40_44","P1Y","2018",449137
"529","ESP","T","40_44","P1Y","2018",3974996
"530","SWE","T","40_44","P1Y","2018",638756
"531","CHE","T","40_44","P1Y","2018",582947
"532","TUR","T","40_44","P1Y","2018",5793423
"533","GBR","T","40_44","P1Y","2018",3993392
"534","USA","T","40_44","P1Y","2018",19714301
"535","ARG","T","40_44","P1Y","2018",2955834
"536","BRA","T","40_44","P1Y","2018",14879035
"537","BGR","T","40_44","P1Y","2018",546648
"538","CHL","T","40_44","P1Y","2018",1308738
"539","CHN","T","40_44","P1Y","2018",103320141
"540","COL","T","40_44","P1Y","2018",3027900
"541","CRI","T","40_44","P1Y","2018",328627
"542","HRV","T","40_44","P1Y","2018",274086
"543","CYP","T","40_44","P1Y","2018",55598
"544","EST","T","40_44","P1Y","2018",90589
"545","IND","T","40_44","P1Y","2018",85909485
"546","IDN","T","40_44","P1Y","2018",19145400
"547","ISR","T","40_44","P1Y","2018",550896
"548","LVA","T","40_44","P1Y","2018",127644
"549","LTU","T","40_44","P1Y","2018",177891
"550","MLT","T","40_44","P1Y","2018",34254
"551","ROU","T","40_44","P1Y","2018",1548180
"552","RUS","T","40_44","P1Y","2018",10362555
"553","SAU","T","40_44","P1Y","2018",3223846
"554","SGP","T","40_44","P1Y","2018",303640
"555","SVN","T","40_44","P1Y","2018",154636
"556","ZAF","T","40_44","P1Y","2018",3449186
"557","WLD","T","40_44","P1Y","2018",488255299
"558","G20","T","40_44","P1Y","2018",329338493
"559","EU28","T","40_44","P1Y","2018",35320078
"560","OECD","T","40_44","P1Y","2018",86743082
"561","AUS","T","45_49","P1Y","2018",1670884
"562","AUT","T","45_49","P1Y","2018",654129
"563","BEL","T","45_49","P1Y","2018",779801
"564","CAN","T","45_49","P1Y","2018",2405692
"565","CZE","T","45_49","P1Y","2018",763648
"566","DNK","T","45_49","P1Y","2018",390385
"567","FIN","T","45_49","P1Y","2018",321732
"568","FRA","T","45_49","P1Y","2018",4555239
"569","DEU","T","45_49","P1Y","2018",5763808
"570","GRC","T","45_49","P1Y","2018",811317
"571","HUN","T","45_49","P1Y","2018",717257
"572","ISL","T","45_49","P1Y","2018",22078
"573","IRL","T","45_49","P1Y","2018",341213
"574","ITA","T","45_49","P1Y","2018",4848119
"575","JPN","T","45_49","P1Y","2018",9666294
"576","KOR","T","45_49","P1Y","2018",4556586
"577","LUX","T","45_49","P1Y","2018",46193
"578","MEX","T","45_49","P1Y","2018",7592336
"579","NLD","T","45_49","P1Y","2018",1252270
"580","NZL","T","45_49","P1Y","2018",324420
"581","NOR","T","45_49","P1Y","2018",379551
"582","POL","T","45_49","P1Y","2018",2469536
"583","PRT","T","45_49","P1Y","2018",771243
"584","SVK","T","45_49","P1Y","2018",373845
"585","ESP","T","45_49","P1Y","2018",3787134
"586","SWE","T","45_49","P1Y","2018",657508
"587","CHE","T","45_49","P1Y","2018",627108
"588","TUR","T","45_49","P1Y","2018",5182931
"589","GBR","T","45_49","P1Y","2018",4507400
"590","USA","T","45_49","P1Y","2018",20747135
"591","ARG","T","45_49","P1Y","2018",2500862
"592","BRA","T","45_49","P1Y","2018",13281287
"593","BGR","T","45_49","P1Y","2018",518433
"594","CHL","T","45_49","P1Y","2018",1224057
"595","CHN","T","45_49","P1Y","2018",123667108
"596","COL","T","45_49","P1Y","2018",2834721
"597","CRI","T","45_49","P1Y","2018",293736
"598","HRV","T","45_49","P1Y","2018",267044
"599","CYP","T","45_49","P1Y","2018",53554
"600","EST","T","45_49","P1Y","2018",90784
"601","IND","T","45_49","P1Y","2018",75818120
"602","IDN","T","45_49","P1Y","2018",17375400
"603","ISR","T","45_49","P1Y","2018",489456
"604","LVA","T","45_49","P1Y","2018",132810
"605","LTU","T","45_49","P1Y","2018",199816
"606","MLT","T","45_49","P1Y","2018",29251
"607","ROU","T","45_49","P1Y","2018",1558930
"608","RUS","T","45_49","P1Y","2018",9436622
"609","SAU","T","45_49","P1Y","2018",2393995
"610","SGP","T","45_49","P1Y","2018",307838
"611","SVN","T","45_49","P1Y","2018",145749
"612","ZAF","T","45_49","P1Y","2018",2892370
"613","WLD","T","45_49","P1Y","2018",471683502
"614","G20","T","45_49","P1Y","2018",335995769
"615","EU28","T","45_49","P1Y","2018",36808147
"616","OECD","T","45_49","P1Y","2018",89269464
"617","AUS","T","50_54","P1Y","2018",1528997
"618","AUT","T","50_54","P1Y","2018",715027
"619","BEL","T","50_54","P1Y","2018",806940
"620","CAN","T","50_54","P1Y","2018",2578047
"621","CZE","T","50_54","P1Y","2018",695702
"622","DNK","T","50_54","P1Y","2018",424108
"623","FIN","T","50_54","P1Y","2018",367153
"624","FRA","T","50_54","P1Y","2018",4490359
"625","DEU","T","50_54","P1Y","2018",6921637
"626","GRC","T","50_54","P1Y","2018",773092
"627","HUN","T","50_54","P1Y","2018",623972
"628","ISL","T","50_54","P1Y","2018",22155
"629","IRL","T","50_54","P1Y","2018",306670
"630","ITA","T","50_54","P1Y","2018",4927675
"631","JPN","T","50_54","P1Y","2018",8359855
"632","KOR","T","50_54","P1Y","2018",4127441
"633","LUX","T","50_54","P1Y","2018",46393
"634","MEX","T","50_54","P1Y","2018",6557785
"635","NLD","T","50_54","P1Y","2018",1278351
"636","NZL","T","50_54","P1Y","2018",312930
"637","NOR","T","50_54","P1Y","2018",362295
"638","POL","T","50_54","P1Y","2018",2294779
"639","PRT","T","50_54","P1Y","2018",751816
"640","SVK","T","50_54","P1Y","2018",355842
"641","ESP","T","50_54","P1Y","2018",3613766
"642","SWE","T","50_54","P1Y","2018",685575
"643","CHE","T","50_54","P1Y","2018",672110
"644","TUR","T","50_54","P1Y","2018",4688390
"645","GBR","T","50_54","P1Y","2018",4674235
"646","USA","T","50_54","P1Y","2018",20884564
"647","ARG","T","50_54","P1Y","2018",2216535
"648","BRA","T","50_54","P1Y","2018",12293932
"649","BGR","T","50_54","P1Y","2018",465958
"650","CHL","T","50_54","P1Y","2018",1206874
"651","CHN","T","50_54","P1Y","2018",116644900
"652","COL","T","50_54","P1Y","2018",2804044
"653","CRI","T","50_54","P1Y","2018",288256
"654","HRV","T","50_54","P1Y","2018",287245
"655","CYP","T","50_54","P1Y","2018",53888
"656","EST","T","50_54","P1Y","2018",83023
"657","IND","T","50_54","P1Y","2018",66042396
"658","IDN","T","50_54","P1Y","2018",15025400
"659","ISR","T","50_54","P1Y","2018",415299
"660","LVA","T","50_54","P1Y","2018",130573
"661","LTU","T","50_54","P1Y","2018",204891
"662","MLT","T","50_54","P1Y","2018",27909
"663","ROU","T","50_54","P1Y","2018",1280109
"664","RUS","T","50_54","P1Y","2018",9051786
"665","SAU","T","50_54","P1Y","2018",1670297
"666","SGP","T","50_54","P1Y","2018",308965
"667","SVN","T","50_54","P1Y","2018",154333
"668","ZAF","T","50_54","P1Y","2018",2422581
"669","WLD","T","50_54","P1Y","2018",430087934
"670","G20","T","50_54","P1Y","2018",311533926
"671","EU28","T","50_54","P1Y","2018",37441021
"672","OECD","T","50_54","P1Y","2018",87042654
"673","AUS","T","55_59","P1Y","2018",1529383
"674","AUT","T","55_59","P1Y","2018",656733
"675","BEL","T","55_59","P1Y","2018",786488
"676","CAN","T","55_59","P1Y","2018",2726152
"677","CZE","T","55_59","P1Y","2018",622754
"678","DNK","T","55_59","P1Y","2018",371594
"679","FIN","T","55_59","P1Y","2018",366515
"680","FRA","T","55_59","P1Y","2018",4322520
"681","DEU","T","55_59","P1Y","2018",6500061
"682","GRC","T","55_59","P1Y","2018",718882
"683","HUN","T","55_59","P1Y","2018",587749
"684","ISL","T","55_59","P1Y","2018",21684
"685","IRL","T","55_59","P1Y","2018",279876
"686","ITA","T","55_59","P1Y","2018",4361272
"687","JPN","T","55_59","P1Y","2018",7650988
"688","KOR","T","55_59","P1Y","2018",4344936
"689","LUX","T","55_59","P1Y","2018",40432
"690","MEX","T","55_59","P1Y","2018",5514767
"691","NLD","T","55_59","P1Y","2018",1221521
"692","NZL","T","55_59","P1Y","2018",312600
"693","NOR","T","55_59","P1Y","2018",323941
"694","POL","T","55_59","P1Y","2018",2560153
"695","PRT","T","55_59","P1Y","2018",725750
"696","SVK","T","55_59","P1Y","2018",357510
"697","ESP","T","55_59","P1Y","2018",3237637
"698","SWE","T","55_59","P1Y","2018",592790
"699","CHE","T","55_59","P1Y","2018",601301
"700","TUR","T","55_59","P1Y","2018",4069534
"701","GBR","T","55_59","P1Y","2018",4293820
"702","USA","T","55_59","P1Y","2018",21940985
"703","ARG","T","55_59","P1Y","2018",2063845
"704","BRA","T","55_59","P1Y","2018",10746091
"705","BGR","T","55_59","P1Y","2018",480244
"706","CHL","T","55_59","P1Y","2018",1089439
"707","CHN","T","55_59","P1Y","2018",89919032
"708","COL","T","55_59","P1Y","2018",2466980
"709","CRI","T","55_59","P1Y","2018",259917
"710","HRV","T","55_59","P1Y","2018",298253
"711","CYP","T","55_59","P1Y","2018",54396
"712","EST","T","55_59","P1Y","2018",88998
"713","IND","T","55_59","P1Y","2018",56590967
"714","IDN","T","55_59","P1Y","2018",12326600
"715","ISR","T","55_59","P1Y","2018",391599
"716","LVA","T","55_59","P1Y","2018",142676
"717","LTU","T","55_59","P1Y","2018",223270
"718","MLT","T","55_59","P1Y","2018",31149
"719","ROU","T","55_59","P1Y","2018",1149799
"720","RUS","T","55_59","P1Y","2018",10755098
"721","SAU","T","55_59","P1Y","2018",1153898
"722","SGP","T","55_59","P1Y","2018",304390
"723","SVN","T","55_59","P1Y","2018",149384
"724","ZAF","T","55_59","P1Y","2018",2062367
"725","WLD","T","55_59","P1Y","2018",367977471
"726","G20","T","55_59","P1Y","2018",268616867
"727","EU28","T","55_59","P1Y","2018",35222225
"728","OECD","T","55_59","P1Y","2018",83725693
"729","AUS","T","60_64","P1Y","2018",1359403
"730","AUT","T","60_64","P1Y","2018",533481
"731","BEL","T","60_64","P1Y","2018",703702
"732","CAN","T","60_64","P1Y","2018",2456212
"733","CZE","T","60_64","P1Y","2018",688560
"734","DNK","T","60_64","P1Y","2018",341937
"735","FIN","T","60_64","P1Y","2018",364896
"736","FRA","T","60_64","P1Y","2018",4078823
"737","DEU","T","60_64","P1Y","2018",5435154
"738","GRC","T","60_64","P1Y","2018",665525
"739","HUN","T","60_64","P1Y","2018",708134
"740","ISL","T","60_64","P1Y","2018",19593
"741","IRL","T","60_64","P1Y","2018",246519
"742","ITA","T","60_64","P1Y","2018",3812770
"743","JPN","T","60_64","P1Y","2018",7591175
"744","KOR","T","60_64","P1Y","2018",3390979
"745","LUX","T","60_64","P1Y","2018",32881
"746","MEX","T","60_64","P1Y","2018",4347698
"747","NLD","T","60_64","P1Y","2018",1088288
"748","NZL","T","60_64","P1Y","2018",272010
"749","NOR","T","60_64","P1Y","2018",301961
"750","POL","T","60_64","P1Y","2018",2773966
"751","PRT","T","60_64","P1Y","2018",663927
"752","SVK","T","60_64","P1Y","2018",366171
"753","ESP","T","60_64","P1Y","2018",2759075
"754","SWE","T","60_64","P1Y","2018",564887
"755","CHE","T","60_64","P1Y","2018",497458
"756","TUR","T","60_64","P1Y","2018",3408550
"757","GBR","T","60_64","P1Y","2018",3673109
"758","USA","T","60_64","P1Y","2018",20331651
"759","ARG","T","60_64","P1Y","2018",1856108
"760","BRA","T","60_64","P1Y","2018",8797470
"761","BGR","T","60_64","P1Y","2018",484023
"762","CHL","T","60_64","P1Y","2018",938518
"763","CHN","T","60_64","P1Y","2018",77017467
"764","COL","T","60_64","P1Y","2018",1954304
"765","CRI","T","60_64","P1Y","2018",208953
"766","HRV","T","60_64","P1Y","2018",297930
"767","CYP","T","60_64","P1Y","2018",47545
"768","EST","T","60_64","P1Y","2018",84625
"769","IND","T","60_64","P1Y","2018",46514812
"770","IDN","T","60_64","P1Y","2018",9352800
"771","ISR","T","60_64","P1Y","2018",371041
"772","LVA","T","60_64","P1Y","2018",127818
"773","LTU","T","60_64","P1Y","2018",183212
"774","MLT","T","60_64","P1Y","2018",30348
"775","ROU","T","60_64","P1Y","2018",1344661
"776","RUS","T","60_64","P1Y","2018",9737574
"777","SAU","T","60_64","P1Y","2018",760864
"778","SGP","T","60_64","P1Y","2018",271688
"779","SVN","T","60_64","P1Y","2018",145944
"780","ZAF","T","60_64","P1Y","2018",1665090
"781","WLD","T","60_64","P1Y","2018",309560365
"782","G20","T","60_64","P1Y","2018",230835762
"783","EU28","T","60_64","P1Y","2018",32247910
"784","OECD","T","60_64","P1Y","2018",75329652
"785","AUS","T","65_69","P1Y","2018",1207000
"786","AUT","T","65_69","P1Y","2018",447440
"787","BEL","T","65_69","P1Y","2018",613986
"788","CAN","T","65_69","P1Y","2018",2035754
"789","CZE","T","65_69","P1Y","2018",682098
"790","DNK","T","65_69","P1Y","2018",321932
"791","FIN","T","65_69","P1Y","2018",366104
"792","FRA","T","65_69","P1Y","2018",3938985
"793","DEU","T","65_69","P1Y","2018",4761009
"794","GRC","T","65_69","P1Y","2018",607553
"795","HUN","T","65_69","P1Y","2018",609839
"796","ISL","T","65_69","P1Y","2018",16286
"797","IRL","T","65_69","P1Y","2018",215750
"798","ITA","T","65_69","P1Y","2018",3524848
"799","JPN","T","65_69","P1Y","2018",9368050
"800","KOR","T","65_69","P1Y","2018",2360468
"801","LUX","T","65_69","P1Y","2018",26429
"802","MEX","T","65_69","P1Y","2018",3218842
"803","NLD","T","65_69","P1Y","2018",996305
"804","NZL","T","65_69","P1Y","2018",237180
"805","NOR","T","65_69","P1Y","2018",272574
"806","POL","T","65_69","P1Y","2018",2382755
"807","PRT","T","65_69","P1Y","2018",619030
"808","SVK","T","65_69","P1Y","2018",314971
"809","ESP","T","65_69","P1Y","2018",2404684
"810","SWE","T","65_69","P1Y","2018",554852
"811","CHE","T","65_69","P1Y","2018",428755
"812","TUR","T","65_69","P1Y","2018",2562056
"813","GBR","T","65_69","P1Y","2018",3396435
"814","USA","T","65_69","P1Y","2018",17086893
"815","ARG","T","65_69","P1Y","2018",1603203
"816","BRA","T","65_69","P1Y","2018",6823731
"817","BGR","T","65_69","P1Y","2018",476613
"818","CHL","T","65_69","P1Y","2018",738391
"819","CHN","T","65_69","P1Y","2018",66873616
"820","COL","T","65_69","P1Y","2018",1477875
"821","CRI","T","65_69","P1Y","2018",149763
"822","HRV","T","65_69","P1Y","2018",259631
"823","CYP","T","65_69","P1Y","2018",45362
"824","EST","T","65_69","P1Y","2018",77138
"825","IND","T","65_69","P1Y","2018",34354719
"826","IDN","T","65_69","P1Y","2018",6365900
"827","ISR","T","65_69","P1Y","2018",346540
"828","LVA","T","65_69","P1Y","2018",111011
"829","LTU","T","65_69","P1Y","2018",155243
"830","MLT","T","65_69","P1Y","2018",28991
"831","ROU","T","65_69","P1Y","2018",1197970
"832","RUS","T","65_69","P1Y","2018",7910969
"833","SAU","T","65_69","P1Y","2018",424301
"834","SGP","T","65_69","P1Y","2018",212101
"835","SVN","T","65_69","P1Y","2018",128962
"836","ZAF","T","65_69","P1Y","2018",1253626
"837","WLD","T","65_69","P1Y","2018",249664946
"838","G20","T","65_69","P1Y","2018",192715052
"839","EU28","T","65_69","P1Y","2018",29265925
"840","OECD","T","65_69","P1Y","2018",67136147
"841","AUS","T","70_74","P1Y","2018",1017943
"842","AUT","T","70_74","P1Y","2018",384082
"843","BEL","T","70_74","P1Y","2018",520599
"844","CAN","T","70_74","P1Y","2018",1625256
"845","CZE","T","70_74","P1Y","2018",579649
"846","DNK","T","70_74","P1Y","2018",327607
"847","FIN","T","70_74","P1Y","2018",319087
"848","FRA","T","70_74","P1Y","2018",3155474
"849","DEU","T","70_74","P1Y","2018",3604791
"850","GRC","T","70_74","P1Y","2018",548222
"851","HUN","T","70_74","P1Y","2018",468961
"852","ISL","T","70_74","P1Y","2018",12690
"853","IRL","T","70_74","P1Y","2018",177653
"854","ITA","T","70_74","P1Y","2018",3166508
"855","JPN","T","70_74","P1Y","2018",8234456
"856","KOR","T","70_74","P1Y","2018",1797500
"857","LUX","T","70_74","P1Y","2018",20652
"858","MEX","T","70_74","P1Y","2018",2330842
"859","NLD","T","70_74","P1Y","2018",892654
"860","NZL","T","70_74","P1Y","2018",195330
"861","NOR","T","70_74","P1Y","2018",250932
"862","POL","T","70_74","P1Y","2018",1517012
"863","PRT","T","70_74","P1Y","2018",529972
"864","SVK","T","70_74","P1Y","2018",213845
"865","ESP","T","70_74","P1Y","2018",2155601
"866","SWE","T","70_74","P1Y","2018",560067
"867","CHE","T","70_74","P1Y","2018",395255
"868","TUR","T","70_74","P1Y","2018",1797095
"869","GBR","T","70_74","P1Y","2018",3251596
"870","USA","T","70_74","P1Y","2018",13405423
"871","ARG","T","70_74","P1Y","2018",1272577
"872","BRA","T","70_74","P1Y","2018",4938529
"873","BGR","T","70_74","P1Y","2018",394894
"874","CHL","T","70_74","P1Y","2018",535192
"875","CHN","T","70_74","P1Y","2018",39339585
"876","COL","T","70_74","P1Y","2018",1061933
"877","CRI","T","70_74","P1Y","2018",102232
"878","HRV","T","70_74","P1Y","2018",186826
"879","CYP","T","70_74","P1Y","2018",35612
"880","EST","T","70_74","P1Y","2018",56190
"881","IND","T","70_74","P1Y","2018",21789364
"882","IDN","T","70_74","P1Y","2018",4218600
"883","ISR","T","70_74","P1Y","2018",262019
"884","LVA","T","70_74","P1Y","2018",85483
"885","LTU","T","70_74","P1Y","2018",119624
"886","MLT","T","70_74","P1Y","2018",27257
"887","ROU","T","70_74","P1Y","2018",809753
"888","RUS","T","70_74","P1Y","2018",4190870
"889","SAU","T","70_74","P1Y","2018",282190
"890","SGP","T","70_74","P1Y","2018",135546
"891","SVN","T","70_74","P1Y","2018",89608
"892","ZAF","T","70_74","P1Y","2018",853963
"893","WLD","T","70_74","P1Y","2018",171255629
"894","G20","T","70_74","P1Y","2018",131293471
"895","EU28","T","70_74","P1Y","2018",24199278
"896","OECD","T","70_74","P1Y","2018",54604870
"897","AUS","T","75_79","P1Y","2018",700394
"898","AUT","T","75_79","P1Y","2018",388646
"899","BEL","T","75_79","P1Y","2018",371443
"900","CAN","T","75_79","P1Y","2018",1109870
"901","CZE","T","75_79","P1Y","2018",371143
"902","DNK","T","75_79","P1Y","2018",217254
"903","FIN","T","75_79","P1Y","2018",208160
"904","FRA","T","75_79","P1Y","2018",2163505
"905","DEU","T","75_79","P1Y","2018",4163261
"906","GRC","T","75_79","P1Y","2018",444469
"907","HUN","T","75_79","P1Y","2018",361170
"908","ISL","T","75_79","P1Y","2018",8456
"909","IRL","T","75_79","P1Y","2018",121851
"910","ITA","T","75_79","P1Y","2018",2753168
"911","JPN","T","75_79","P1Y","2018",6931919
"912","KOR","T","75_79","P1Y","2018",1579311
"913","LUX","T","75_79","P1Y","2018",16168
"914","MEX","T","75_79","P1Y","2018",1614583
"915","NLD","T","75_79","P1Y","2018",598733
"916","NZL","T","75_79","P1Y","2018",138330
"917","NOR","T","75_79","P1Y","2018",159751
"918","POL","T","75_79","P1Y","2018",1070117
"919","PRT","T","75_79","P1Y","2018",425577
"920","SVK","T","75_79","P1Y","2018",152911
"921","ESP","T","75_79","P1Y","2018",1582588
"922","SWE","T","75_79","P1Y","2018",388609
"923","CHE","T","75_79","P1Y","2018",300882
"924","TUR","T","75_79","P1Y","2018",1255868
"925","GBR","T","75_79","P1Y","2018",2235571
"926","USA","T","75_79","P1Y","2018",9267066
"927","ARG","T","75_79","P1Y","2018",918063
"928","BRA","T","75_79","P1Y","2018",3376250
"929","BGR","T","75_79","P1Y","2018",277558
"930","CHL","T","75_79","P1Y","2018",384309
"931","CHN","T","75_79","P1Y","2018",25489344
"932","COL","T","75_79","P1Y","2018",722987
"933","CRI","T","75_79","P1Y","2018",69886
"934","HRV","T","75_79","P1Y","2018",169428
"935","CYP","T","75_79","P1Y","2018",27112
"936","EST","T","75_79","P1Y","2018",53289
"937","IND","T","75_79","P1Y","2018",14234242
"938","IDN","T","75_79","P1Y","2018",2725730
"939","ISR","T","75_79","P1Y","2018",164252
"940","LVA","T","75_79","P1Y","2018",86527
"941","LTU","T","75_79","P1Y","2018",117186
"942","MLT","T","75_79","P1Y","2018",14262
"943","ROU","T","75_79","P1Y","2018",673040
"944","RUS","T","75_79","P1Y","2018",4066916
"945","SAU","T","75_79","P1Y","2018",168907
"946","SGP","T","75_79","P1Y","2018",93327
"947","SVN","T","75_79","P1Y","2018",79372
"948","ZAF","T","75_79","P1Y","2018",553023
"949","WLD","T","75_79","P1Y","2018",118253482
"950","G20","T","75_79","P1Y","2018",93523603
"951","EU28","T","75_79","P1Y","2018",19532117
"952","OECD","T","75_79","P1Y","2018",41985709
"953","AUS","T","80_84","P1Y","2018",485668
"954","AUT","T","80_84","P1Y","2018",212526
"955","BEL","T","80_84","P1Y","2018",317684
"956","CAN","T","80_84","P1Y","2018",765850
"957","CZE","T","80_84","P1Y","2018",227886
"958","DNK","T","80_84","P1Y","2018",139375
"959","FIN","T","80_84","P1Y","2018",151831
"960","FRA","T","80_84","P1Y","2018",1862600
"961","DEU","T","80_84","P1Y","2018",2997175
"962","GRC","T","80_84","P1Y","2018",392154
"963","HUN","T","80_84","P1Y","2018",234792
"964","ISL","T","80_84","P1Y","2018",6085
"965","IRL","T","80_84","P1Y","2018",85087
"966","ITA","T","80_84","P1Y","2018",2139329
"967","JPN","T","80_84","P1Y","2018",5347317
"968","KOR","T","80_84","P1Y","2018",989081
"969","LUX","T","80_84","P1Y","2018",12135
"970","MEX","T","80_84","P1Y","2018",1023832
"971","NLD","T","80_84","P1Y","2018",415186
"972","NZL","T","80_84","P1Y","2018",89370
"973","NOR","T","80_84","P1Y","2018",107479
"974","POL","T","80_84","P1Y","2018",872456
"975","PRT","T","80_84","P1Y","2018",350266
"976","SVK","T","80_84","P1Y","2018",97725
"977","ESP","T","80_84","P1Y","2018",1388620
"978","SWE","T","80_84","P1Y","2018",256824
"979","CHE","T","80_84","P1Y","2018",219043
"980","TUR","T","80_84","P1Y","2018",797706
"981","GBR","T","80_84","P1Y","2018",1673463
"982","USA","T","80_84","P1Y","2018",6127308
"983","ARG","T","80_84","P1Y","2018",616143
"984","BRA","T","80_84","P1Y","2018",2191860
"985","BGR","T","80_84","P1Y","2018",200041
"986","CHL","T","80_84","P1Y","2018",256365
"987","CHN","T","80_84","P1Y","2018",16152986
"988","COL","T","80_84","P1Y","2018",491497
"989","CRI","T","80_84","P1Y","2018",45840
"990","HRV","T","80_84","P1Y","2018",127727
"991","CYP","T","80_84","P1Y","2018",18024
"992","EST","T","80_84","P1Y","2018",39640
"993","IND","T","80_84","P1Y","2018",8144361
"994","IDN","T","80_84","P1Y","2018",1407723
"995","ISR","T","80_84","P1Y","2018",133497
"996","LVA","T","80_84","P1Y","2018",59430
"997","LTU","T","80_84","P1Y","2018",88913
"998","MLT","T","80_84","P1Y","2018",11471
"999","ROU","T","80_84","P1Y","2018",515933
"1000","RUS","T","80_84","P1Y","2018",3026947
"1001","SAU","T","80_84","P1Y","2018",121972
"1002","SGP","T","80_84","P1Y","2018",57103
"1003","SVN","T","80_84","P1Y","2018",58051
"1004","ZAF","T","80_84","P1Y","2018",347567
"1005","WLD","T","80_84","P1Y","2018",79122016
"1006","G20","T","80_84","P1Y","2018",62492665
"1007","EU28","T","80_84","P1Y","2018",14946344
"1008","OECD","T","80_84","P1Y","2018",30421749
"1009","AUS","T","85_OVER","P1Y","2018",503668
"1010","AUT","T","85_OVER","P1Y","2018",225190
"1011","BEL","T","85_OVER","P1Y","2018",324217
"1012","CAN","T","85_OVER","P1Y","2018",821490
"1013","CZE","T","85_OVER","P1Y","2018",202277
"1014","DNK","T","85_OVER","P1Y","2018",120637
"1015","FIN","T","85_OVER","P1Y","2018",146895
"1016","FRA","T","85_OVER","P1Y","2018",2158491
"1017","DEU","T","85_OVER","P1Y","2018",2271853
"1018","GRC","T","85_OVER","P1Y","2018",355943
"1019","HUN","T","85_OVER","P1Y","2018",195029
"1020","ISL","T","85_OVER","P1Y","2018",6345
"1021","IRL","T","85_OVER","P1Y","2018",73021
"1022","ITA","T","85_OVER","P1Y","2018",2116890
"1023","JPN","T","85_OVER","P1Y","2018",5696096
"1024","KOR","T","85_OVER","P1Y","2018",654150
"1025","LUX","T","85_OVER","P1Y","2018",11883
"1026","MEX","T","85_OVER","P1Y","2018",893630
"1027","NLD","T","85_OVER","P1Y","2018",373681
"1028","NZL","T","85_OVER","P1Y","2018",86700
"1029","NOR","T","85_OVER","P1Y","2018",116898
"1030","POL","T","85_OVER","P1Y","2018",776354
"1031","PRT","T","85_OVER","P1Y","2018",303906
"1032","SVK","T","85_OVER","P1Y","2018",80136
"1033","ESP","T","85_OVER","P1Y","2018",1485927
"1034","SWE","T","85_OVER","P1Y","2018",260578
"1035","CHE","T","85_OVER","P1Y","2018",220054
"1036","TUR","T","85_OVER","P1Y","2018",628072
"1037","GBR","T","85_OVER","P1Y","2018",1608492
"1038","USA","T","85_OVER","P1Y","2018",6544503
"1039","ARG","T","85_OVER","P1Y","2018",572439
"1040","BRA","T","85_OVER","P1Y","2018",1897462
"1041","BGR","T","85_OVER","P1Y","2018",138409
"1042","CHL","T","85_OVER","P1Y","2018",250938
"1043","CHN","T","85_OVER","P1Y","2018",10537955
"1044","COL","T","85_OVER","P1Y","2018",262360
"1045","CRI","T","85_OVER","P1Y","2018",41537
"1046","HRV","T","85_OVER","P1Y","2018",87202
"1047","CYP","T","85_OVER","P1Y","2018",13130
"1048","EST","T","85_OVER","P1Y","2018",33858
"1049","IND","T","85_OVER","P1Y","2018",5101730
"1050","IDN","T","85_OVER","P1Y","2018",683747
"1051","ISR","T","85_OVER","P1Y","2018",127753
"1052","LVA","T","85_OVER","P1Y","2018",46466
"1053","LTU","T","85_OVER","P1Y","2018",71118
"1054","MLT","T","85_OVER","P1Y","2018",8899
"1055","ROU","T","85_OVER","P1Y","2018",377504
"1056","RUS","T","85_OVER","P1Y","2018",2110424
"1057","SAU","T","85_OVER","P1Y","2018",78482
"1058","SGP","T","85_OVER","P1Y","2018",49777
"1059","SVN","T","85_OVER","P1Y","2018",51340
"1060","ZAF","T","85_OVER","P1Y","2018",217184
"1061","WLD","T","85_OVER","P1Y","2018",62641004
"1062","G20","T","85_OVER","P1Y","2018",50860358
"1063","EU28","T","85_OVER","P1Y","2018",13919326
"1064","OECD","T","85_OVER","P1Y","2018",29844479
"1065","AUS","T","50_OVER","P1Y","2018",8332456
"1066","AUT","T","50_OVER","P1Y","2018",3563125
"1067","BEL","T","50_OVER","P1Y","2018",4445059
"1068","CAN","T","50_OVER","P1Y","2018",14118631
"1069","CZE","T","50_OVER","P1Y","2018",4070069
"1070","DNK","T","50_OVER","P1Y","2018",2264444
"1071","FIN","T","50_OVER","P1Y","2018",2290641
"1072","FRA","T","50_OVER","P1Y","2018",26170757
"1073","DEU","T","50_OVER","P1Y","2018",36654941
"1074","GRC","T","50_OVER","P1Y","2018",4505840
"1075","HUN","T","50_OVER","P1Y","2018",3789646
"1076","ISL","T","50_OVER","P1Y","2018",113294
"1077","IRL","T","50_OVER","P1Y","2018",1506427
"1078","ITA","T","50_OVER","P1Y","2018",26802460
"1079","JPN","T","50_OVER","P1Y","2018",59179856
"1080","KOR","T","50_OVER","P1Y","2018",19243866
"1081","LUX","T","50_OVER","P1Y","2018",206973
"1082","MEX","T","50_OVER","P1Y","2018",25501979
"1083","NLD","T","50_OVER","P1Y","2018",6864719
"1084","NZL","T","50_OVER","P1Y","2018",1644450
"1085","NOR","T","50_OVER","P1Y","2018",1895831
"1086","POL","T","50_OVER","P1Y","2018",14247592
"1087","PRT","T","50_OVER","P1Y","2018",4370242
"1088","SVK","T","50_OVER","P1Y","2018",1939109
"1089","ESP","T","50_OVER","P1Y","2018",18627898
"1090","SWE","T","50_OVER","P1Y","2018",3864182
"1091","CHE","T","50_OVER","P1Y","2018",3334858
"1092","TUR","T","50_OVER","P1Y","2018",19207271
"1093","GBR","T","50_OVER","P1Y","2018",24806721
"1094","USA","T","50_OVER","P1Y","2018",115588393
"1095","ARG","T","50_OVER","P1Y","2018",11118913
"1096","BRA","T","50_OVER","P1Y","2018",51065325
"1097","BGR","T","50_OVER","P1Y","2018",2917738
"1098","CHL","T","50_OVER","P1Y","2018",5400026
"1099","CHN","T","50_OVER","P1Y","2018",441974885
"1100","COL","T","50_OVER","P1Y","2018",11241980
"1101","CRI","T","50_OVER","P1Y","2018",1166384
"1102","HRV","T","50_OVER","P1Y","2018",1714242
"1103","CYP","T","50_OVER","P1Y","2018",295069
"1104","EST","T","50_OVER","P1Y","2018",516761
"1105","IND","T","50_OVER","P1Y","2018",252772591
"1106","IDN","T","50_OVER","P1Y","2018",52106500
"1107","ISR","T","50_OVER","P1Y","2018",2212000
"1108","LVA","T","50_OVER","P1Y","2018",789984
"1109","LTU","T","50_OVER","P1Y","2018",1163457
"1110","MLT","T","50_OVER","P1Y","2018",180286
"1111","ROU","T","50_OVER","P1Y","2018",7348769
"1112","RUS","T","50_OVER","P1Y","2018",50850584
"1113","SAU","T","50_OVER","P1Y","2018",4660911
"1114","SGP","T","50_OVER","P1Y","2018",1432897
"1115","SVN","T","50_OVER","P1Y","2018",856994
"1116","ZAF","T","50_OVER","P1Y","2018",9375399
"1117","WLD","T","50_OVER","P1Y","2018",1788562847
"1118","G20","T","50_OVER","P1Y","2018",1341871704
"1119","EU28","T","50_OVER","P1Y","2018",206774144
"1120","OECD","T","50_OVER","P1Y","2018",470090951
"1121","AUS","T","LESS_20","P1Y","2018",6193408
"1122","AUT","T","LESS_20","P1Y","2018",1717385
"1123","BEL","T","LESS_20","P1Y","2018",2558626
"1124","CAN","T","LESS_20","P1Y","2018",8079626
"1125","CZE","T","LESS_20","P1Y","2018",2146290
"1126","DNK","T","LESS_20","P1Y","2018",1303542
"1127","FIN","T","LESS_20","P1Y","2018",1182441
"1128","FRA","T","LESS_20","P1Y","2018",16203001
"1129","DEU","T","LESS_20","P1Y","2018",15277773
"1130","GRC","T","LESS_20","P1Y","2018",2085292
"1131","HUN","T","LESS_20","P1Y","2018",1910204
"1132","ISL","T","LESS_20","P1Y","2018",89545
"1133","IRL","T","LESS_20","P1Y","2018",1324924
"1134","ITA","T","LESS_20","P1Y","2018",10923776
"1135","JPN","T","LESS_20","P1Y","2018",21321171
"1136","KOR","T","LESS_20","P1Y","2018",9488987
"1137","LUX","T","LESS_20","P1Y","2018",131026
"1138","MEX","T","LESS_20","P1Y","2018",44267618
"1139","NLD","T","LESS_20","P1Y","2018",3801244
"1140","NZL","T","LESS_20","P1Y","2018",1258860
"1141","NOR","T","LESS_20","P1Y","2018",1258175
"1142","POL","T","LESS_20","P1Y","2018",7690312
"1143","PRT","T","LESS_20","P1Y","2018",1970059
"1144","SVK","T","LESS_20","P1Y","2018",1121252
"1145","ESP","T","LESS_20","P1Y","2018",9237159
"1146","SWE","T","LESS_20","P1Y","2018",2359377
"1147","CHE","T","LESS_20","P1Y","2018",1704025
"1148","TUR","T","LESS_20","P1Y","2018",25584337
"1149","GBR","T","LESS_20","P1Y","2018",15580696
"1150","USA","T","LESS_20","P1Y","2018",81982665
"1151","ARG","T","LESS_20","P1Y","2018",14486709
"1152","BRA","T","LESS_20","P1Y","2018",60947256
"1153","BGR","T","LESS_20","P1Y","2018",1318900
"1154","CHL","T","LESS_20","P1Y","2018",4982552
"1155","CHN","T","LESS_20","P1Y","2018",327290823
"1156","COL","T","LESS_20","P1Y","2018",17172233
"1157","CRI","T","LESS_20","P1Y","2018",1506015
"1158","HRV","T","LESS_20","P1Y","2018",798858
"1159","CYP","T","LESS_20","P1Y","2018",189554
"1160","EST","T","LESS_20","P1Y","2018",277025
"1161","IND","T","LESS_20","P1Y","2018",496094832
"1162","IDN","T","LESS_20","P1Y","2018",92729700
"1163","ISR","T","LESS_20","P1Y","2018",3216369
"1164","LVA","T","LESS_20","P1Y","2018",393064
"1165","LTU","T","LESS_20","P1Y","2018",561906
"1166","MLT","T","LESS_20","P1Y","2018",89275
"1167","ROU","T","LESS_20","P1Y","2018",4090613
"1168","RUS","T","LESS_20","P1Y","2018",32273262
"1169","SAU","T","LESS_20","P1Y","2018",10533635
"1170","SGP","T","LESS_20","P1Y","2018",817644
"1171","SVN","T","LESS_20","P1Y","2018",404430
"1172","ZAF","T","LESS_20","P1Y","2018",21777308
"1173","WLD","T","LESS_20","P1Y","2018",2568647966
"1174","G20","T","LESS_20","P1Y","2018",1359699340
"1175","EU28","T","LESS_20","P1Y","2018",106648003
"1176","OECD","T","LESS_20","P1Y","2018",309588141
"1177","AUS","T","15-64","P1Y","2018",16375787
"1178","AUT","T","15-64","P1Y","2018",5904434
"1179","BEL","T","15-64","P1Y","2018",7325392
"1180","CAN","T","15-64","P1Y","2018",24727903
"1181","CZE","T","15-64","P1Y","2018",6881729
"1182","DNK","T","15-64","P1Y","2018",3703664
"1183","FIN","T","15-64","P1Y","2018",3437117
"1184","FRA","T","15-64","P1Y","2018",41596244
"1185","DEU","T","15-64","P1Y","2018",53881905
"1186","GRC","T","15-64","P1Y","2018",6835383
"1187","HUN","T","15-64","P1Y","2018",6475605
"1188","ISL","T","15-64","P1Y","2018",235250
"1189","IRL","T","15-64","P1Y","2018",3174921
"1190","ITA","T","15-64","P1Y","2018",38698036
"1191","JPN","T","15-64","P1Y","2018",75450780
"1192","KOR","T","15-64","P1Y","2018",37573903
"1193","LUX","T","15-64","P1Y","2018",422816
"1194","MEX","T","15-64","P1Y","2018",83025301
"1195","NLD","T","15-64","P1Y","2018",11203843
"1196","NZL","T","15-64","P1Y","2018",3193930
"1197","NOR","T","15-64","P1Y","2018",3467336
"1198","POL","T","15-64","P1Y","2018",25949300
"1199","PRT","T","15-64","P1Y","2018",6639342
"1200","SVK","T","15-64","P1Y","2018",3733312
"1201","ESP","T","15-64","P1Y","2018",30773226
"1202","SWE","T","15-64","P1Y","2018",6347082
"1203","CHE","T","15-64","P1Y","2018",5673775
"1204","TUR","T","15-64","P1Y","2018",55257504
"1205","GBR","T","15-64","P1Y","2018",42358547
"1206","USA","T","15-64","P1Y","2018",213850797
"1207","ARG","T","15-64","P1Y","2018",28538607
"1208","BRA","T","15-64","P1Y","2018",144759658
"1209","BGR","T","15-64","P1Y","2018",4532913
"1210","CHL","T","15-64","P1Y","2018",12890070
"1211","CHN","T","15-64","P1Y","2018",1007330122
"1212","COL","T","15-64","P1Y","2018",32924992
"1213","CRI","T","15-64","P1Y","2018",3482457
"1214","HRV","T","15-64","P1Y","2018",2659943
"1215","CYP","T","15-64","P1Y","2018",589039
"1216","EST","T","15-64","P1Y","2018",845537
"1217","IND","T","15-64","P1Y","2018",899478997
"1218","IDN","T","15-64","P1Y","2018",179126800
"1219","ISR","T","15-64","P1Y","2018",5320770
"1220","LVA","T","15-64","P1Y","2018",1233068
"1221","LTU","T","15-64","P1Y","2018",1827810
"1222","MLT","T","15-64","P1Y","2018",326092
"1223","ROU","T","15-64","P1Y","2018",12850852
"1224","RUS","T","15-64","P1Y","2018",97699606
"1225","SAU","T","15-64","P1Y","2018",24116928
"1226","SGP","T","15-64","P1Y","2018",2855305
"1227","SVN","T","15-64","P1Y","2018",1350886
"1228","ZAF","T","15-64","P1Y","2018",37457873
"1229","WLD","T","15-64","P1Y","2018",4983446702
"1230","G20","T","15-64","P1Y","2018",3256328603
"1231","EU28","T","15-64","P1Y","2018",331558037
"1232","OECD","T","15-64","P1Y","2018",847642305
"1233","AUS","T","20-64","P1Y","2018",14884779
"1234","AUT","T","20-64","P1Y","2018",5462438
"1235","BEL","T","20-64","P1Y","2018",6697185
"1236","CAN","T","20-64","P1Y","2018",22621010
"1237","CZE","T","20-64","P1Y","2018",6417087
"1238","DNK","T","20-64","P1Y","2018",3359610
"1239","FIN","T","20-64","P1Y","2018",3141007
"1240","FRA","T","20-64","P1Y","2018",37459642
"1241","DEU","T","20-64","P1Y","2018",49838329
"1242","GRC","T","20-64","P1Y","2018",6292253
"1243","HUN","T","20-64","P1Y","2018",5987605
"1244","ISL","T","20-64","P1Y","2018",213315
"1245","IRL","T","20-64","P1Y","2018",2858729
"1246","ITA","T","20-64","P1Y","2018",35797278
"1247","JPN","T","20-64","P1Y","2018",69544171
"1248","KOR","T","20-64","P1Y","2018",34765759
"1249","LUX","T","20-64","P1Y","2018",389657
"1250","MEX","T","20-64","P1Y","2018",71978450
"1251","NLD","T","20-64","P1Y","2018",10153819
"1252","NZL","T","20-64","P1Y","2018",2879770
"1253","NOR","T","20-64","P1Y","2018",3146107
"1254","POL","T","20-64","P1Y","2018",24104133
"1255","PRT","T","20-64","P1Y","2018",6085014
"1256","SVK","T","20-64","P1Y","2018",3465932
"1257","ESP","T","20-64","P1Y","2018",28478461
"1258","SWE","T","20-64","P1Y","2018",5794907
"1259","CHE","T","20-64","P1Y","2018",5245213
"1260","TUR","T","20-64","P1Y","2018",48782077
"1261","GBR","T","20-64","P1Y","2018",38689297
"1262","USA","T","20-64","P1Y","2018",192753576
"1263","ARG","T","20-64","P1Y","2018",25025368
"1264","BRA","T","20-64","P1Y","2018",128319812
"1265","BGR","T","20-64","P1Y","2018",4218623
"1266","CHL","T","20-64","P1Y","2018",11603658
"1267","CHN","T","20-64","P1Y","2018",929361619
"1268","COL","T","20-64","P1Y","2018",28645355
"1269","CRI","T","20-64","P1Y","2018",3088129
"1270","HRV","T","20-64","P1Y","2018",2450994
"1271","CYP","T","20-64","P1Y","2018",540212
"1272","EST","T","20-64","P1Y","2018",784837
"1273","IND","T","20-64","P1Y","2018",774332606
"1274","IDN","T","20-64","P1Y","2018",156883900
"1275","ISR","T","20-64","P1Y","2018",4622513
"1276","LVA","T","20-64","P1Y","2018",1145189
"1277","LTU","T","20-64","P1Y","2018",1687551
"1278","MLT","T","20-64","P1Y","2018",303638
"1279","ROU","T","20-64","P1Y","2018",11806519
"1280","RUS","T","20-64","P1Y","2018",90911716
"1281","SAU","T","20-64","P1Y","2018",21804173
"1282","SGP","T","20-64","P1Y","2018",2628785
"1283","SVN","T","20-64","P1Y","2018",1258287
"1284","ZAF","T","20-64","P1Y","2018",32724083
"1285","WLD","T","20-64","P1Y","2018",4383234282
"1286","G20","T","20-64","P1Y","2018",2919361332
"1287","EU28","T","20-64","P1Y","2018",304668233
"1288","OECD","T","20-64","P1Y","2018",768388645
"1289","AUS","T","65_OVER","P1Y","2018",3914673
"1290","AUT","T","65_OVER","P1Y","2018",1657884
"1291","BEL","T","65_OVER","P1Y","2018",2147929
"1292","CAN","T","65_OVER","P1Y","2018",6358220
"1293","CZE","T","65_OVER","P1Y","2018",2063053
"1294","DNK","T","65_OVER","P1Y","2018",1126805
"1295","FIN","T","65_OVER","P1Y","2018",1192077
"1296","FRA","T","65_OVER","P1Y","2018",13279055
"1297","DEU","T","65_OVER","P1Y","2018",17798089
"1298","GRC","T","65_OVER","P1Y","2018",2348341
"1299","HUN","T","65_OVER","P1Y","2018",1869791
"1300","ISL","T","65_OVER","P1Y","2018",49862
"1301","IRL","T","65_OVER","P1Y","2018",673362
"1302","ITA","T","65_OVER","P1Y","2018",13700743
"1303","JPN","T","65_OVER","P1Y","2018",35577838
"1304","KOR","T","65_OVER","P1Y","2018",7380510
"1305","LUX","T","65_OVER","P1Y","2018",87267
"1306","MEX","T","65_OVER","P1Y","2018",9081729
"1307","NLD","T","65_OVER","P1Y","2018",3276559
"1308","NZL","T","65_OVER","P1Y","2018",746910
"1309","NOR","T","65_OVER","P1Y","2018",907634
"1310","POL","T","65_OVER","P1Y","2018",6618694
"1311","PRT","T","65_OVER","P1Y","2018",2228750
"1312","SVK","T","65_OVER","P1Y","2018",859587
"1313","ESP","T","65_OVER","P1Y","2018",9017420
"1314","SWE","T","65_OVER","P1Y","2018",2020930
"1315","CHE","T","65_OVER","P1Y","2018",1563989
"1316","TUR","T","65_OVER","P1Y","2018",7040797
"1317","GBR","T","65_OVER","P1Y","2018",12165557
"1318","USA","T","65_OVER","P1Y","2018",52431193
"1319","ARG","T","65_OVER","P1Y","2018",4982425
"1320","BRA","T","65_OVER","P1Y","2018",19227832
"1321","BGR","T","65_OVER","P1Y","2018",1487514
"1322","CHL","T","65_OVER","P1Y","2018",2165195
"1323","CHN","T","65_OVER","P1Y","2018",158393486
"1324","COL","T","65_OVER","P1Y","2018",4016652
"1325","CRI","T","65_OVER","P1Y","2018",409258
"1326","HRV","T","65_OVER","P1Y","2018",830814
"1327","CYP","T","65_OVER","P1Y","2018",139240
"1328","EST","T","65_OVER","P1Y","2018",260115
"1329","IND","T","65_OVER","P1Y","2018",83624416
"1330","IDN","T","65_OVER","P1Y","2018",15401700
"1331","ISR","T","65_OVER","P1Y","2018",1034061
"1332","LVA","T","65_OVER","P1Y","2018",388917
"1333","LTU","T","65_OVER","P1Y","2018",552084
"1334","MLT","T","65_OVER","P1Y","2018",90880
"1335","ROU","T","65_OVER","P1Y","2018",3574200
"1336","RUS","T","65_OVER","P1Y","2018",21306126
"1337","SAU","T","65_OVER","P1Y","2018",1075852
"1338","SGP","T","65_OVER","P1Y","2018",547854
"1339","SVN","T","65_OVER","P1Y","2018",407333
"1340","ZAF","T","65_OVER","P1Y","2018",3225363
"1341","WLD","T","65_OVER","P1Y","2018",680937077
"1342","G20","T","65_OVER","P1Y","2018",530885149
"1343","EU28","T","65_OVER","P1Y","2018",101862989
"1344","OECD","T","65_OVER","P1Y","2018",223992953
"1345","AUS","T","65_OVER_SHARE","P1Y","2018",15.663
"1346","AUT","T","65_OVER_SHARE","P1Y","2018",18.759
"1347","BEL","T","65_OVER_SHARE","P1Y","2018",18.835
"1348","CAN","T","65_OVER_SHARE","P1Y","2018",17.157
"1349","CZE","T","65_OVER_SHARE","P1Y","2018",19.414
"1350","DNK","T","65_OVER_SHARE","P1Y","2018",19.461
"1351","FIN","T","65_OVER_SHARE","P1Y","2018",21.613
"1352","FRA","T","65_OVER_SHARE","P1Y","2018",19.837
"1353","DEU","T","65_OVER_SHARE","P1Y","2018",21.466
"1354","GRC","T","65_OVER_SHARE","P1Y","2018",21.894
"1355","HUN","T","65_OVER_SHARE","P1Y","2018",19.143
"1356","ISL","T","65_OVER_SHARE","P1Y","2018",14.136
"1357","IRL","T","65_OVER_SHARE","P1Y","2018",13.864
"1358","ITA","T","65_OVER_SHARE","P1Y","2018",22.675
"1359","JPN","T","65_OVER_SHARE","P1Y","2018",28.137
"1360","KOR","T","65_OVER_SHARE","P1Y","2018",14.294
"1361","LUX","T","65_OVER_SHARE","P1Y","2018",14.354
"1362","MEX","T","65_OVER_SHARE","P1Y","2018",7.246
"1363","NLD","T","65_OVER_SHARE","P1Y","2018",19.015
"1364","NZL","T","65_OVER_SHARE","P1Y","2018",15.288
"1365","NOR","T","65_OVER_SHARE","P1Y","2018",17.087
"1366","POL","T","65_OVER_SHARE","P1Y","2018",17.23
"1367","PRT","T","65_OVER_SHARE","P1Y","2018",21.672
"1368","SVK","T","65_OVER_SHARE","P1Y","2018",15.782
"1369","ESP","T","65_OVER_SHARE","P1Y","2018",19.29
"1370","SWE","T","65_OVER_SHARE","P1Y","2018",19.861
"1371","CHE","T","65_OVER_SHARE","P1Y","2018",18.371
"1372","TUR","T","65_OVER_SHARE","P1Y","2018",8.649
"1373","GBR","T","65_OVER_SHARE","P1Y","2018",18.312
"1374","USA","T","65_OVER_SHARE","P1Y","2018",16.026
"1375","ARG","T","65_OVER_SHARE","P1Y","2018",11.198
"1376","BRA","T","65_OVER_SHARE","P1Y","2018",9.222
"1377","BGR","T","65_OVER_SHARE","P1Y","2018",21.174
"1378","CHL","T","65_OVER_SHARE","P1Y","2018",11.547
"1379","CHN","T","65_OVER_SHARE","P1Y","2018",11.194
"1380","COL","T","65_OVER_SHARE","P1Y","2018",8.06
"1381","CRI","T","65_OVER_SHARE","P1Y","2018",8.18
"1382","HRV","T","65_OVER_SHARE","P1Y","2018",20.36
"1383","CYP","T","65_OVER_SHARE","P1Y","2018",16.023
"1384","EST","T","65_OVER_SHARE","P1Y","2018",19.676
"1385","IND","T","65_OVER_SHARE","P1Y","2018",6.176
"1386","IDN","T","65_OVER_SHARE","P1Y","2018",5.812
"1387","ISR","T","65_OVER_SHARE","P1Y","2018",11.654
"1388","LVA","T","65_OVER_SHARE","P1Y","2018",20.181
"1389","LTU","T","65_OVER_SHARE","P1Y","2018",19.706
"1390","MLT","T","65_OVER_SHARE","P1Y","2018",18.785
"1391","ROU","T","65_OVER_SHARE","P1Y","2018",18.356
"1392","RUS","T","65_OVER_SHARE","P1Y","2018",14.746
"1393","SAU","T","65_OVER_SHARE","P1Y","2018",3.22
"1394","SGP","T","65_OVER_SHARE","P1Y","2018",13.716
"1395","SVN","T","65_OVER_SHARE","P1Y","2018",19.67
"1396","ZAF","T","65_OVER_SHARE","P1Y","2018",5.587
"1397","WLD","T","65_OVER_SHARE","P1Y","2018",8.921
"1398","G20","T","65_OVER_SHARE","P1Y","2018",11.037
"1399","EU28","T","65_OVER_SHARE","P1Y","2018",19.849
"1400","OECD","T","65_OVER_SHARE","P1Y","2018",17.204
"1401","AUS","T","LESS_15_SHARE","P1Y","2018",18.815
"1402","AUT","T","LESS_15_SHARE","P1Y","2018",14.431
"1403","BEL","T","LESS_15_SHARE","P1Y","2018",16.928
"1404","CAN","T","LESS_15_SHARE","P1Y","2018",16.117
"1405","CZE","T","LESS_15_SHARE","P1Y","2018",15.825
"1406","DNK","T","LESS_15_SHARE","P1Y","2018",16.572
"1407","FIN","T","LESS_15_SHARE","P1Y","2018",16.07
"1408","FRA","T","LESS_15_SHARE","P1Y","2018",18.025
"1409","DEU","T","LESS_15_SHARE","P1Y","2018",13.549
"1410","GRC","T","LESS_15_SHARE","P1Y","2018",14.378
"1411","HUN","T","LESS_15_SHARE","P1Y","2018",14.56
"1412","ISL","T","LESS_15_SHARE","P1Y","2018",19.168
"1413","IRL","T","LESS_15_SHARE","P1Y","2018",20.769
"1414","ITA","T","LESS_15_SHARE","P1Y","2018",13.278
"1415","JPN","T","LESS_15_SHARE","P1Y","2018",12.191
"1416","KOR","T","LESS_15_SHARE","P1Y","2018",12.939
"1417","LUX","T","LESS_15_SHARE","P1Y","2018",16.098
"1418","MEX","T","LESS_15_SHARE","P1Y","2018",26.507
"1419","NLD","T","LESS_15_SHARE","P1Y","2018",15.966
"1420","NZL","T","LESS_15_SHARE","P1Y","2018",19.337
"1421","NOR","T","LESS_15_SHARE","P1Y","2018",17.639
"1422","POL","T","LESS_15_SHARE","P1Y","2018",15.217
"1423","PRT","T","LESS_15_SHARE","P1Y","2018",13.767
"1424","SVK","T","LESS_15_SHARE","P1Y","2018",15.677
"1425","ESP","T","LESS_15_SHARE","P1Y","2018",14.85
"1426","SWE","T","LESS_15_SHARE","P1Y","2018",17.761
"1427","CHE","T","LESS_15_SHARE","P1Y","2018",14.982
"1428","TUR","T","LESS_15_SHARE","P1Y","2018",23.473
"1429","GBR","T","LESS_15_SHARE","P1Y","2018",17.929
"1430","USA","T","LESS_15_SHARE","P1Y","2018",18.61
"1431","ARG","T","LESS_15_SHARE","P1Y","2018",24.663
"1432","BRA","T","LESS_15_SHARE","P1Y","2018",21.347
"1433","BGR","T","LESS_15_SHARE","P1Y","2018",14.3
"1434","CHL","T","LESS_15_SHARE","P1Y","2018",19.711
"1435","CHN","T","LESS_15_SHARE","P1Y","2018",17.619
"1436","COL","T","LESS_15_SHARE","P1Y","2018",25.871
"1437","CRI","T","LESS_15_SHARE","P1Y","2018",22.219
"1438","HRV","T","LESS_15_SHARE","P1Y","2018",14.456
"1439","CYP","T","LESS_15_SHARE","P1Y","2018",16.194
"1440","EST","T","LESS_15_SHARE","P1Y","2018",16.364
"1441","IND","T","LESS_15_SHARE","P1Y","2018",27.395
"1442","IDN","T","LESS_15_SHARE","P1Y","2018",26.597
"1443","ISR","T","LESS_15_SHARE","P1Y","2018",28.38
"1444","LVA","T","LESS_15_SHARE","P1Y","2018",15.836
"1445","LTU","T","LESS_15_SHARE","P1Y","2018",15.051
"1446","MLT","T","LESS_15_SHARE","P1Y","2018",13.812
"1447","ROU","T","LESS_15_SHARE","P1Y","2018",15.645
"1448","RUS","T","LESS_15_SHARE","P1Y","2018",17.638
"1449","SAU","T","LESS_15_SHARE","P1Y","2018",24.603
"1450","SGP","T","LESS_15_SHARE","P1Y","2018",14.799
"1451","SVN","T","LESS_15_SHARE","P1Y","2018",15.06
"1452","ZAF","T","LESS_15_SHARE","P1Y","2018",29.525
"1453","WLD","T","LESS_15_SHARE","P1Y","2018",25.789
"1454","G20","T","LESS_15_SHARE","P1Y","2018",21.263
"1455","EU28","T","LESS_15_SHARE","P1Y","2018",15.542
"1456","OECD","T","LESS_15_SHARE","P1Y","2018",17.691
"1457","AUS","T","15-24_SHARE","P1Y","2018",12.928
"1458","AUT","T","15-24_SHARE","P1Y","2018",11.067
"1459","BEL","T","15-24_SHARE","P1Y","2018",11.375
"1460","CAN","T","15-24_SHARE","P1Y","2018",12.263
"1461","CZE","T","15-24_SHARE","P1Y","2018",9.185
"1462","DNK","T","15-24_SHARE","P1Y","2018",12.629
"1463","FIN","T","15-24_SHARE","P1Y","2018",11.244
"1464","FRA","T","15-24_SHARE","P1Y","2018",11.763
"1465","DEU","T","15-24_SHARE","P1Y","2018",10.432
"1466","GRC","T","15-24_SHARE","P1Y","2018",10.181
"1467","HUN","T","15-24_SHARE","P1Y","2018",10.826
"1468","ISL","T","15-24_SHARE","P1Y","2018",13.538
"1469","IRL","T","15-24_SHARE","P1Y","2018",12.466
"1470","ITA","T","15-24_SHARE","P1Y","2018",9.752
"1471","JPN","T","15-24_SHARE","P1Y","2018",9.677
"1472","KOR","T","15-24_SHARE","P1Y","2018",12.149
"1473","LUX","T","15-24_SHARE","P1Y","2018",11.694
"1474","MEX","T","15-24_SHARE","P1Y","2018",17.501
"1475","NLD","T","15-24_SHARE","P1Y","2018",12.328
"1476","NZL","T","15-24_SHARE","P1Y","2018",13.764
"1477","NOR","T","15-24_SHARE","P1Y","2018",12.482
"1478","POL","T","15-24_SHARE","P1Y","2018",10.427
"1479","PRT","T","15-24_SHARE","P1Y","2018",10.622
"1480","SVK","T","15-24_SHARE","P1Y","2018",10.601
"1481","ESP","T","15-24_SHARE","P1Y","2018",9.765
"1482","SWE","T","15-24_SHARE","P1Y","2018",11.395
"1483","CHE","T","15-24_SHARE","P1Y","2018",10.743
"1484","TUR","T","15-24_SHARE","P1Y","2018",15.941
"1485","GBR","T","15-24_SHARE","P1Y","2018",11.822
"1486","USA","T","15-24_SHARE","P1Y","2018",13.134
"1487","ARG","T","15-24_SHARE","P1Y","2018",15.9
"1488","BRA","T","15-24_SHARE","P1Y","2018",16.18
"1489","BGR","T","15-24_SHARE","P1Y","2018",8.979
"1490","CHL","T","15-24_SHARE","P1Y","2018",14.562
"1491","CHN","T","15-24_SHARE","P1Y","2018",11.611
"1492","COL","T","15-24_SHARE","P1Y","2018",17.215
"1493","CRI","T","15-24_SHARE","P1Y","2018",16.419
"1494","HRV","T","15-24_SHARE","P1Y","2018",11.011
"1495","CYP","T","15-24_SHARE","P1Y","2018",13.043
"1496","EST","T","15-24_SHARE","P1Y","2018",9.557
"1497","IND","T","15-24_SHARE","P1Y","2018",18.15
"1498","IDN","T","15-24_SHARE","P1Y","2018",16.628
"1499","ISR","T","15-24_SHARE","P1Y","2018",15.03
"1500","LVA","T","15-24_SHARE","P1Y","2018",9.232
"1501","LTU","T","15-24_SHARE","P1Y","2018",10.778
"1502","MLT","T","15-24_SHARE","P1Y","2018",11.1
"1503","ROU","T","15-24_SHARE","P1Y","2018",10.596
"1504","RUS","T","15-24_SHARE","P1Y","2018",9.625
"1505","SAU","T","15-24_SHARE","P1Y","2018",14.632
"1506","SGP","T","15-24_SHARE","P1Y","2018",12.068
"1507","SVN","T","15-24_SHARE","P1Y","2018",9.345
"1508","ZAF","T","15-24_SHARE","P1Y","2018",16.895
"1509","WLD","T","15-24_SHARE","P1Y","2018",15.615
"1510","G20","T","15-24_SHARE","P1Y","2018",14.199
"1511","EU28","T","15-24_SHARE","P1Y","2018",10.782
"1512","OECD","T","15-24_SHARE","P1Y","2018",12.485
"1513","AUS","T","OAD15-64","P1Y","2018",0.239
"1514","AUT","T","OAD15-64","P1Y","2018",0.281
"1515","BEL","T","OAD15-64","P1Y","2018",0.293
"1516","CAN","T","OAD15-64","P1Y","2018",0.257
"1517","CZE","T","OAD15-64","P1Y","2018",0.3
"1518","DNK","T","OAD15-64","P1Y","2018",0.304
"1519","FIN","T","OAD15-64","P1Y","2018",0.347
"1520","FRA","T","OAD15-64","P1Y","2018",0.319
"1521","DEU","T","OAD15-64","P1Y","2018",0.33
"1522","GRC","T","OAD15-64","P1Y","2018",0.344
"1523","HUN","T","OAD15-64","P1Y","2018",0.289
"1524","ISL","T","OAD15-64","P1Y","2018",0.212
"1525","IRL","T","OAD15-64","P1Y","2018",0.212
"1526","ITA","T","OAD15-64","P1Y","2018",0.354
"1527","JPN","T","OAD15-64","P1Y","2018",0.472
"1528","KOR","T","OAD15-64","P1Y","2018",0.196
"1529","LUX","T","OAD15-64","P1Y","2018",0.206
"1530","MEX","T","OAD15-64","P1Y","2018",0.109
"1531","NLD","T","OAD15-64","P1Y","2018",0.292
"1532","NZL","T","OAD15-64","P1Y","2018",0.234
"1533","NOR","T","OAD15-64","P1Y","2018",0.262
"1534","POL","T","OAD15-64","P1Y","2018",0.255
"1535","PRT","T","OAD15-64","P1Y","2018",0.336
"1536","SVK","T","OAD15-64","P1Y","2018",0.23
"1537","ESP","T","OAD15-64","P1Y","2018",0.293
"1538","SWE","T","OAD15-64","P1Y","2018",0.318
"1539","CHE","T","OAD15-64","P1Y","2018",0.276
"1540","TUR","T","OAD15-64","P1Y","2018",0.127
"1541","GBR","T","OAD15-64","P1Y","2018",0.287
"1542","USA","T","OAD15-64","P1Y","2018",0.245
"1543","ARG","T","OAD15-64","P1Y","2018",0.175
"1544","BRA","T","OAD15-64","P1Y","2018",0.133
"1545","BGR","T","OAD15-64","P1Y","2018",0.328
"1546","CHL","T","OAD15-64","P1Y","2018",0.168
"1547","CHN","T","OAD15-64","P1Y","2018",0.157
"1548","COL","T","OAD15-64","P1Y","2018",0.122
"1549","CRI","T","OAD15-64","P1Y","2018",0.118
"1550","HRV","T","OAD15-64","P1Y","2018",0.312
"1551","CYP","T","OAD15-64","P1Y","2018",0.236
"1552","EST","T","OAD15-64","P1Y","2018",0.308
"1553","IND","T","OAD15-64","P1Y","2018",0.093
"1554","IDN","T","OAD15-64","P1Y","2018",0.086
"1555","ISR","T","OAD15-64","P1Y","2018",0.194
"1556","LVA","T","OAD15-64","P1Y","2018",0.315
"1557","LTU","T","OAD15-64","P1Y","2018",0.302
"1558","MLT","T","OAD15-64","P1Y","2018",0.279
"1559","ROU","T","OAD15-64","P1Y","2018",0.278
"1560","RUS","T","OAD15-64","P1Y","2018",0.218
"1561","SAU","T","OAD15-64","P1Y","2018",0.045
"1562","SGP","T","OAD15-64","P1Y","2018",0.192
"1563","SVN","T","OAD15-64","P1Y","2018",0.301
"1564","ZAF","T","OAD15-64","P1Y","2018",0.086
"1565","WLD","T","OAD15-64","P1Y","2018",0.137
"1566","G20","T","OAD15-64","P1Y","2018",0.163
"1567","EU28","T","OAD15-64","P1Y","2018",0.307
"1568","OECD","T","OAD15-64","P1Y","2018",0.264
"1569","AUS","T","TOTD20-64","P1Y","2018",0.679
"1570","AUT","T","TOTD20-64","P1Y","2018",0.618
"1571","BEL","T","TOTD20-64","P1Y","2018",0.703
"1572","CAN","T","TOTD20-64","P1Y","2018",0.638
"1573","CZE","T","TOTD20-64","P1Y","2018",0.656
"1574","DNK","T","TOTD20-64","P1Y","2018",0.723
"1575","FIN","T","TOTD20-64","P1Y","2018",0.756
"1576","FRA","T","TOTD20-64","P1Y","2018",0.787
"1577","DEU","T","TOTD20-64","P1Y","2018",0.664
"1578","GRC","T","TOTD20-64","P1Y","2018",0.705
"1579","HUN","T","TOTD20-64","P1Y","2018",0.631
"1580","ISL","T","TOTD20-64","P1Y","2018",0.654
"1581","IRL","T","TOTD20-64","P1Y","2018",0.699
"1582","ITA","T","TOTD20-64","P1Y","2018",0.688
"1583","JPN","T","TOTD20-64","P1Y","2018",0.818
"1584","KOR","T","TOTD20-64","P1Y","2018",0.485
"1585","LUX","T","TOTD20-64","P1Y","2018",0.56
"1586","MEX","T","TOTD20-64","P1Y","2018",0.741
"1587","NLD","T","TOTD20-64","P1Y","2018",0.697
"1588","NZL","T","TOTD20-64","P1Y","2018",0.697
"1589","NOR","T","TOTD20-64","P1Y","2018",0.688
"1590","POL","T","TOTD20-64","P1Y","2018",0.594
"1591","PRT","T","TOTD20-64","P1Y","2018",0.69
"1592","SVK","T","TOTD20-64","P1Y","2018",0.572
"1593","ESP","T","TOTD20-64","P1Y","2018",0.641
"1594","SWE","T","TOTD20-64","P1Y","2018",0.756
"1595","CHE","T","TOTD20-64","P1Y","2018",0.623
"1596","TUR","T","TOTD20-64","P1Y","2018",0.669
"1597","GBR","T","TOTD20-64","P1Y","2018",0.717
"1598","USA","T","TOTD20-64","P1Y","2018",0.697
"1599","ARG","T","TOTD20-64","P1Y","2018",0.778
"1600","BRA","T","TOTD20-64","P1Y","2018",0.625
"1601","BGR","T","TOTD20-64","P1Y","2018",0.665
"1602","CHL","T","TOTD20-64","P1Y","2018",0.616
"1603","CHN","T","TOTD20-64","P1Y","2018",0.523
"1604","COL","T","TOTD20-64","P1Y","2018",0.74
"1605","CRI","T","TOTD20-64","P1Y","2018",0.62
"1606","HRV","T","TOTD20-64","P1Y","2018",0.665
"1607","CYP","T","TOTD20-64","P1Y","2018",0.609
"1608","EST","T","TOTD20-64","P1Y","2018",0.684
"1609","IND","T","TOTD20-64","P1Y","2018",0.749
"1610","IDN","T","TOTD20-64","P1Y","2018",0.689
"1611","ISR","T","TOTD20-64","P1Y","2018",0.92
"1612","LVA","T","TOTD20-64","P1Y","2018",0.683
"1613","LTU","T","TOTD20-64","P1Y","2018",0.66
"1614","MLT","T","TOTD20-64","P1Y","2018",0.593
"1615","ROU","T","TOTD20-64","P1Y","2018",0.649
"1616","RUS","T","TOTD20-64","P1Y","2018",0.589
"1617","SAU","T","TOTD20-64","P1Y","2018",0.532
"1618","SGP","T","TOTD20-64","P1Y","2018",0.519
"1619","SVN","T","TOTD20-64","P1Y","2018",0.645
"1620","ZAF","T","TOTD20-64","P1Y","2018",0.764
"1621","WLD","T","TOTD20-64","P1Y","2018",0.741
"1622","G20","T","TOTD20-64","P1Y","2018",0.648
"1623","EU28","T","TOTD20-64","P1Y","2018",0.684
"1624","OECD","T","TOTD20-64","P1Y","2018",0.694
"1625","CZE","T","15-64_SHARE","P1Y","2018",64.76
"1626","ISL","T","POP_GR","P1Y","2018",2.7149
"1627","NOR","T","POP_GR","P1Y","2018",0.6623
"1628","JPN","T","15-64_SHARE","P1Y","2018",59.671
"1629","EU28","T","POP_GR","P1Y","2018",0.2006
"1630","BRA","T","15-64_SHARE","P1Y","2018",69.43
"1631","TUR","T","POP_GR","P1Y","2018",1.3628
"1632","CHL","T","POP_GR","P1Y","2018",1.8036
"1633","ISL","T","15-64_SHARE","P1Y","2018",66.695
"1634","AUT","T","POP_GR","P1Y","2018",0.4847
"1635","CYP","T","15-64_SHARE","P1Y","2018",67.783
"1636","TUR","T","15-64_SHARE","P1Y","2018",67.877
"1637","WLD","T","POP_GR","P1Y","2018",1.0934
"1638","SAU","T","POP_GR","P1Y","2018",2.4561
"1639","DEU","T","15-64_SHARE","P1Y","2018",64.985
"1640","CHL","T","15-64_SHARE","P1Y","2018",68.741
"1641","MEX","T","POP_GR","P1Y","2018",1.0368
"1642","BGR","T","POP_GR","P1Y","2018",-0.719
"1643","EU28","T","15-64_SHARE","P1Y","2018",64.608
"1644","AUT","T","15-64_SHARE","P1Y","2018",66.809
"1645","ESP","T","15-64_SHARE","P1Y","2018",65.848
"1646","CZE","T","POP_GR","P1Y","2018",0.3484
"1647","WLD","T","15-64_SHARE","P1Y","2018",65.289
"1648","ISR","T","POP_GR","P1Y","2018",1.8321
"1649","CRI","T","POP_GR","P1Y","2018",1.1301
"1650","JPN","T","POP_GR","P1Y","2018",-0.207
"1651","MEX","T","15-64_SHARE","P1Y","2018",66.246
"1652","BRA","T","POP_GR","P1Y","2018",0.8172
"1653","ISR","T","15-64_SHARE","P1Y","2018",59.966
"1654","ZAF","T","15-64_SHARE","P1Y","2018",64.889
"1655","CRI","T","15-64_SHARE","P1Y","2018",69.601
"1656","SVK","T","15-64_SHARE","P1Y","2018",68.541
"1657","RUS","T","15-64_SHARE","P1Y","2018",67.616
"1658","CYP","T","POP_GR","P1Y","2018",1.1036
"1659","NLD","T","POP_GR","P1Y","2018",0.5856
"1660","OECD","T","15-64_SHARE","P1Y","2018",65.104
"1661","ITA","T","15-64_SHARE","P1Y","2018",64.046
"1662","SVN","T","15-64_SHARE","P1Y","2018",65.258
"1663","DEU","T","POP_GR","P1Y","2018",0.3111
"1664","LVA","T","15-64_SHARE","P1Y","2018",63.983
"1665","KOR","T","POP_GR","P1Y","2018",0.3674
"1666","HUN","T","15-64_SHARE","P1Y","2018",66.296
"1667","ESP","T","POP_GR","P1Y","2018",0.4301
"1668","DNK","T","POP_GR","P1Y","2018",0.5079
"1669","NOR","T","15-64_SHARE","P1Y","2018",65.274
"1670","USA","T","15-64_SHARE","P1Y","2018",65.364
"1671","FRA","T","15-64_SHARE","P1Y","2018",62.138
"1672","MLT","T","15-64_SHARE","P1Y","2018",67.403
"1673","SAU","T","15-64_SHARE","P1Y","2018",72.176
"1674","BEL","T","POP_GR","P1Y","2018",0.4816
"1675","IND","T","POP_GR","P1Y","2018",1.1105
"1676","AUS","T","15-64_SHARE","P1Y","2018",65.521
"1677","CHE","T","15-64_SHARE","P1Y","2018",66.646
"1678","CHN","T","POP_GR","P1Y","2018",0.3922
"1679","POL","T","POP_GR","P1Y","2018",-0.023
"1680","BGR","T","15-64_SHARE","P1Y","2018",64.525
"1681","ITA","T","POP_GR","P1Y","2018",-0.189
"1682","BEL","T","15-64_SHARE","P1Y","2018",64.236
"1683","SVN","T","POP_GR","P1Y","2018",0.1882
"1684","LVA","T","POP_GR","P1Y","2018",-0.776
"1685","GBR","T","15-64_SHARE","P1Y","2018",63.758
"1686","IND","T","15-64_SHARE","P1Y","2018",66.428
"1687","CHN","T","15-64_SHARE","P1Y","2018",71.187
"1688","POL","T","15-64_SHARE","P1Y","2018",67.553
"1689","HUN","T","POP_GR","P1Y","2018",-0.208
"1690","CAN","T","POP_GR","P1Y","2018",1.4192
"1691","USA","T","POP_GR","P1Y","2018",0.6213
"1692","NLD","T","15-64_SHARE","P1Y","2018",65.019
"1693","FRA","T","POP_GR","P1Y","2018",0.1677
"1694","MLT","T","POP_GR","P1Y","2018",3.3734
"1695","COL","T","POP_GR","P1Y","2018",1.1008
"1696","AUS","T","POP_GR","P1Y","2018",1.5893
"1697","CHE","T","POP_GR","P1Y","2018",0.7263
"1698","KOR","T","15-64_SHARE","P1Y","2018",72.767
"1699","IDN","T","POP_GR","P1Y","2018",1.193
"1700","LUX","T","POP_GR","P1Y","2018",1.9473
"1701","DNK","T","15-64_SHARE","P1Y","2018",63.967
"1702","ZAF","T","POP_GR","P1Y","2018",1.5625
"1703","SVK","T","POP_GR","P1Y","2018",0.1386
"1704","RUS","T","POP_GR","P1Y","2018",-0.003
"1705","IRL","T","15-64_SHARE","P1Y","2018",65.367
"1706","ARG","T","POP_GR","P1Y","2018",1.0209
"1707","OECD","T","POP_GR","P1Y","2018",0.5513
"1708","LUX","T","15-64_SHARE","P1Y","2018",69.547
"1709","HRV","T","15-64_SHARE","P1Y","2018",65.184
"1710","SWE","T","POP_GR","P1Y","2018",1.1684
"1711","FIN","T","POP_GR","P1Y","2018",0.1328
"1712","G20","T","15-64_SHARE","P1Y","2018",67.699
"1713","GRC","T","15-64_SHARE","P1Y","2018",63.727
"1714","ARG","T","15-64_SHARE","P1Y","2018",64.139
"1715","SWE","T","15-64_SHARE","P1Y","2018",62.377
"1716","PRT","T","POP_GR","P1Y","2018",-0.159
"1717","ROU","T","POP_GR","P1Y","2018",-0.596
"1718","FIN","T","15-64_SHARE","P1Y","2018",62.317
"1719","EST","T","POP_GR","P1Y","2018",0.3486
"1720","SGP","T","POP_GR","P1Y","2018",0.7183
"1721","NZL","T","POP_GR","P1Y","2018",1.9107
"1722","PRT","T","15-64_SHARE","P1Y","2018",64.561
"1723","ROU","T","15-64_SHARE","P1Y","2018",65.998
"1724","LTU","T","POP_GR","P1Y","2018",-0.949
"1725","CAN","T","15-64_SHARE","P1Y","2018",66.726
"1726","IRL","T","POP_GR","P1Y","2018",1.3463
"1727","SGP","T","15-64_SHARE","P1Y","2018",71.484
"1728","COL","T","15-64_SHARE","P1Y","2018",66.069
"1729","NZL","T","15-64_SHARE","P1Y","2018",65.375
"1730","HRV","T","POP_GR","P1Y","2018",-1.063
"1731","GBR","T","POP_GR","P1Y","2018",0.5986
"1732","LTU","T","15-64_SHARE","P1Y","2018",65.243
"1733","EST","T","15-64_SHARE","P1Y","2018",63.96
"1734","G20","T","POP_GR","P1Y","2018",0.7037
"1735","GRC","T","POP_GR","P1Y","2018",-0.267
"1736","IDN","T","15-64_SHARE","P1Y","2018",67.591
